player_id,name,season,goals,assists,minutes,age,position,appearance_count,stats_through,valuation_date,actual_eur
92571,Aaron Cresswell,2021,2.0,3.0,2728.0,32.498956172953584,Defender,31,2022-05-22,2022-06-15,3000000
14221,Aaron Lennon,2021,2.0,0.0,1549.0,35.16567759776039,Attack,28,2022-05-22,2022-06-15,1000000
427568,Aaron Ramsdale,2021,0.0,0.0,3060.0,24.08810584748489,Goalkeeper,34,2022-05-22,2022-06-15,28000000
477758,Aaron Wan-Bissaka,2021,0.0,0.0,1794.0,24.550812131665946,Defender,20,2022-04-19,2022-06-15,25000000
127187,Abdoulaye Doucouré,2021,2.0,4.0,2538.0,29.451665674175377,Midfield,30,2022-05-22,2022-06-15,22000000
250426,Adam Armstrong,2021,2.0,3.0,1415.0,25.342067256685628,Attack,23,2022-05-22,2022-06-15,15000000
121257,Adam Forshaw,2021,0.0,1.0,1530.0,30.686461734327192,Midfield,22,2022-04-02,2022-06-15,2000000
434223,Adam Idah,2021,1.0,1.0,620.0,21.33924721246843,Attack,17,2022-02-09,2022-06-15,3000000
43530,Adam Lallana,2021,0.0,1.0,1561.0,34.09789386503488,Midfield,24,2022-05-15,2022-06-15,2000000
286949,Adam Masina,2021,0.0,1.0,1076.0,28.449591709617582,Defender,15,2022-05-22,2022-06-15,3000000
212847,Adam Webster,2021,2.0,0.0,1432.0,27.4447798380528,Defender,22,2022-05-22,2022-06-15,17000000
204103,Adama Traoré,2021,1.0,0.0,1063.0,26.355092849271372,Attack,20,2022-01-22,2022-06-03,20000000
406040,Ademola Lookman,2021,6.0,0.0,1457.0,24.652114690924524,Attack,26,2022-05-22,2022-06-15,10000000
381967,Albert Sambi Lokonga,2021,0.0,0.0,1132.0,22.647966761808934,Midfield,19,2022-05-22,2022-06-15,14000000
242631,Alex Iwobi,2021,2.0,2.0,2035.0,26.116894939663375,Attack,28,2022-05-22,2022-06-15,18000000
95976,Alex McCarthy,2021,0.0,0.0,1530.0,32.531811057037444,Goalkeeper,17,2022-05-22,2022-06-15,3000000
143424,Alex Oxlade-Chamberlain,2021,2.0,1.0,787.0,28.83289869059597,Midfield,17,2022-02-19,2022-06-15,16000000
255755,Alex Telles,2021,0.0,4.0,1660.0,29.49821009329418,Defender,21,2022-05-22,2022-06-15,18000000
93720,Alexandre Lacazette,2021,4.0,7.0,1787.0,31.050603366256663,Attack,30,2022-05-22,2022-06-15,15000000
534033,Alexis Mac Allister,2021,5.0,2.0,2115.0,23.474814677919465,Midfield,33,2022-05-22,2022-06-15,16000000
105470,Alisson,2021,0.0,1.0,3240.0,29.70081521181133,Goalkeeper,36,2022-05-22,2022-06-15,50000000
126422,Allan,2021,0.0,2.0,2187.0,31.433910347235056,Midfield,28,2022-05-11,2022-06-15,15000000
272642,Allan Saint-Maximin,2021,5.0,5.0,2812.0,25.259930046475972,Attack,35,2022-05-22,2022-06-15,32000000
196948,Andreas Christensen,2021,0.0,0.0,1494.0,26.179866800824108,Defender,19,2022-05-11,2022-06-15,35000000
234803,Andrew Robertson,2021,3.0,10.0,2541.0,28.263414033142364,Defender,29,2022-05-22,2022-06-15,65000000
61842,Andros Townsend,2021,3.0,2.0,1458.0,30.916445922914228,Attack,21,2022-03-17,2022-06-15,5000000
221025,André Gomes,2021,0.0,1.0,618.0,28.87670520270779,Midfield,14,2022-05-19,2022-06-15,18000000
48002,Angelo Ogbonna,2021,1.0,0.0,922.0,34.06230107394402,Defender,11,2021-11-07,2022-06-15,1200000
201574,Angus Gunn,2021,0.0,0.0,810.0,26.3961614543762,Goalkeeper,9,2022-05-15,2022-06-15,3000000
583189,Anthony Elanga,2021,2.0,2.0,1214.0,20.134568129393486,Attack,21,2022-05-22,2022-06-15,20000000
503733,Anthony Gordon,2021,4.0,2.0,2286.0,21.303654421377576,Attack,35,2022-05-22,2022-06-15,20000000
86202,Antonio Rüdiger,2021,3.0,2.0,3036.0,29.284653346749078,Defender,34,2022-05-22,2022-06-15,40000000
181380,Arthur Masuaku,2021,1.0,1.0,647.0,28.60291450200894,Defender,13,2022-04-24,2022-06-15,5000000
63200,Ashley Barnes,2021,1.0,0.0,799.0,32.62489989527506,Attack,23,2022-05-22,2022-06-15,1500000
91317,Ashley Westwood,2021,0.0,3.0,2289.0,32.20600012320581,Midfield,27,2022-04-17,2022-06-15,2000000
14086,Ashley Young,2021,0.0,2.0,1238.0,36.934365524274966,Defender,24,2022-05-22,2022-06-15,1000000
342046,Axel Tuanzebe,2021,0.0,0.0,505.0,24.5617637596939,Defender,9,2021-12-14,2022-06-07,7000000
176553,Aymeric Laporte,2021,4.0,0.0,2834.0,28.052595193604247,Defender,33,2022-05-22,2022-06-15,45000000
316125,Ben Chilwell,2021,3.0,1.0,541.0,25.48170051404204,Defender,7,2022-05-22,2022-06-15,38000000
192765,Ben Davies,2021,1.0,1.0,2539.0,29.142282182385674,Defender,29,2022-05-22,2022-06-15,20000000
13572,Ben Foster,2021,0.0,1.0,2340.0,39.20135252606145,Goalkeeper,26,2022-05-15,2022-06-15,300000
128904,Ben Gibson,2021,0.0,0.0,2495.0,29.413334976077536,Defender,28,2022-05-15,2022-06-15,6000000
343475,Ben Godfrey,2021,0.0,0.0,2031.0,24.413916781316523,Defender,23,2022-04-20,2022-06-15,20000000
468002,Ben Johnson,2021,1.0,0.0,1398.0,22.390603503152015,Defender,20,2022-05-22,2022-06-15,9000000
74810,Ben Mee,2021,3.0,0.0,1840.0,32.73167826854761,Defender,21,2022-03-01,2022-06-15,2500000
335721,Ben White,2021,0.0,0.0,2880.0,24.684969575008385,Defender,32,2022-05-16,2022-06-15,40000000
241641,Bernardo Silva,2021,8.0,4.0,2860.0,27.84725216808011,Midfield,35,2022-05-22,2022-06-15,80000000
423744,Billy Gilmour,2021,0.0,1.0,1858.0,21.010698371629807,Midfield,24,2022-05-15,2022-06-15,12000000
344605,Boubakary Soumaré,2021,0.0,1.0,1100.0,23.296850722465212,Midfield,19,2022-05-01,2022-06-15,25000000
507700,Brandon Williams,2021,0.0,1.0,2123.0,21.780050240593578,Defender,26,2022-05-08,2022-06-15,12000000
240306,Bruno Fernandes,2021,10.0,6.0,3118.0,27.767852864877444,Midfield,36,2022-05-22,2022-06-15,85000000
520624,Bruno Guimarães,2021,5.0,1.0,1034.0,24.578191201735834,Midfield,17,2022-05-22,2022-06-15,40000000
413039,Bryan Mbeumo,2021,4.0,7.0,2916.0,22.856047694340063,Attack,35,2022-05-22,2022-06-15,22000000
433177,Bukayo Saka,2021,11.0,7.0,2994.0,20.775238369028795,Attack,38,2022-05-22,2022-06-15,65000000
392768,Callum Hudson-Odoi,2021,1.0,3.0,966.0,21.602086285139325,Attack,15,2022-01-23,2022-06-15,25000000
123682,Callum Wilson,2021,8.0,0.0,1389.0,30.297678939334826,Attack,18,2022-05-22,2022-06-15,18000000
215118,Calum Chambers,2021,1.0,0.0,1001.0,27.400973325940985,Defender,13,2022-05-22,2022-06-15,10000000
195633,Charlie Taylor,2021,0.0,3.0,2730.0,28.739809852358363,Defender,31,2022-05-22,2022-06-15,3000000
66934,Cheikhou Kouyaté,2021,0.0,1.0,1978.0,32.48252873091165,Midfield,27,2022-05-22,2022-06-15,4000000
108725,Chris Wood,2021,5.0,0.0,2707.0,30.52218731390788,Attack,34,2022-05-22,2022-06-15,10000000
50201,Christian Benteke,2021,4.0,1.0,1137.0,31.53247499948664,Attack,25,2022-05-19,2022-06-15,6000000
69633,Christian Eriksen,2021,1.0,4.0,938.0,30.333271730425675,Midfield,11,2022-05-22,2022-06-15,20000000
81512,Christian Kabasele,2021,0.0,0.0,1190.0,31.305228717906594,Defender,16,2022-05-22,2022-06-15,3000000
148367,Christian Nørgaard,2021,3.0,4.0,3059.0,28.266151940149353,Midfield,35,2022-05-15,2022-06-15,14000000
315779,Christian Pulisic,2021,6.0,2.0,1286.0,23.74039165759735,Attack,22,2022-05-19,2022-06-15,42000000
346779,Ché Adams,2021,7.0,3.0,2042.0,25.92250354216719,Attack,30,2022-05-22,2022-06-15,18000000
98240,Ciaran Clark,2021,0.0,1.0,1014.0,32.71798873351266,Defender,13,2022-01-22,2022-06-15,1800000
214666,Connor Roberts,2021,1.0,1.0,1690.0,26.72744820222181,Defender,21,2022-05-22,2022-06-15,2500000
128901,Conor Coady,2021,4.0,0.0,3363.0,29.30108078879101,Defender,38,2022-05-22,2022-06-15,25000000
59606,Craig Cathcart,2021,0.0,1.0,2396.0,33.353183159134,Defender,31,2022-05-15,2022-06-15,1200000
121477,Craig Dawson,2021,2.0,2.0,2754.0,32.11017337796122,Defender,34,2022-05-22,2022-06-15,3000000
355915,Cristian Romero,2021,1.0,0.0,1846.0,24.134650266603693,Defender,22,2022-05-07,2022-06-15,48000000
8198,Cristiano Ronaldo,2021,18.0,3.0,2459.0,37.3560032033512,Attack,30,2022-05-07,2022-06-15,30000000
459463,Cucho Hernández,2021,5.0,2.0,1141.0,23.15447955810181,Attack,25,2022-05-22,2022-06-15,9000000
433188,Curtis Jones,2021,1.0,1.0,856.0,21.37210209655229,Midfield,15,2022-05-17,2022-06-15,28000000
112988,Cédric Soares,2021,1.0,1.0,1484.0,30.790502200592755,Defender,21,2022-05-22,2022-06-15,6000000
57500,César Azpilicueta,2021,1.0,2.0,2074.0,32.79738803671533,Defender,27,2022-05-22,2022-06-15,9000000
134270,Dan Burn,2021,1.0,1.0,2462.0,30.10054963483165,Defender,29,2022-05-22,2022-06-15,12000000
214056,Daniel Amartey,2021,0.0,0.0,2118.0,27.48311053615064,Defender,28,2022-05-22,2022-06-15,10000000
120186,Daniel Bachmann,2021,0.0,0.0,1080.0,27.934865192303743,Goalkeeper,12,2022-05-22,2022-06-15,2500000
319301,Daniel James,2021,4.0,5.0,2499.0,24.594618643777764,Attack,34,2022-05-11,2022-06-15,18000000
256977,Daniel Podence,2021,2.0,3.0,1484.0,26.650786806026133,Attack,26,2022-05-15,2022-06-15,20000000
134294,Danny Ings,2021,7.0,6.0,1905.0,29.895206609307515,Attack,30,2022-05-22,2022-06-15,20000000
50174,Danny Rose,2021,0.0,0.0,689.0,31.954112678562872,Defender,8,2021-12-04,2022-06-15,2200000
67063,Danny Welbeck,2021,6.0,3.0,1476.0,31.55164034853556,Attack,25,2022-05-22,2022-06-15,4000000
262749,David Raya,2021,0.0,0.0,2160.0,26.74935145827772,Goalkeeper,24,2022-05-22,2022-06-15,22000000
59377,David de Gea,2021,0.0,0.0,3420.0,31.603660581668343,Goalkeeper,38,2022-05-22,2022-06-15,15000000
341429,Davinson Sánchez,2021,2.0,0.0,1626.0,26.007378659383832,Defender,23,2022-05-22,2022-06-15,28000000
357662,Declan Rice,2021,1.0,4.0,3178.0,23.417318630772705,Midfield,36,2022-05-22,2022-06-15,80000000
431755,Dejan Kulusevski,2021,5.0,8.0,1267.0,22.138716058509072,Midfield,18,2022-05-22,2022-06-15,40000000
207929,Dele Alli,2021,1.0,0.0,988.0,26.17712889381712,Midfield,21,2022-05-22,2022-06-15,16000000
292417,Demarai Gray,2021,5.0,4.0,2351.0,25.963572147272018,Attack,34,2022-05-22,2022-06-15,22000000
246291,Diego Llorente,2021,3.0,0.0,2343.0,28.830160783588983,Defender,28,2022-05-22,2022-06-15,18000000
295630,Dimitrios Giannoulis,2021,0.0,1.0,1166.0,26.661738434054087,Defender,18,2022-05-22,2022-06-15,5000000
357147,Diogo Dalot,2021,0.0,0.0,1797.0,23.24483048933243,Defender,24,2022-05-22,2022-06-15,20000000
340950,Diogo Jota,2021,15.0,6.0,2374.0,25.528244933160845,Attack,35,2022-05-22,2022-06-15,60000000
306024,Dominic Calvert-Lewin,2021,5.0,2.0,1287.0,25.24897841844802,Attack,17,2022-05-22,2022-06-15,40000000
288255,Donny van de Beek,2021,2.0,0.0,553.0,25.158627487217395,Midfield,15,2022-05-22,2022-06-15,25000000
447661,Douglas Luiz,2021,2.0,3.0,2722.0,24.101795382519832,Midfield,34,2022-05-22,2022-06-15,38000000
584769,Dwight McNeil,2021,0.0,1.0,3112.0,22.56309164459229,Attack,38,2022-05-22,2022-06-15,18000000
479999,Eberechi Eze,2021,1.0,1.0,602.0,23.962162125163417,Midfield,13,2022-05-22,2022-06-15,22000000
340324,Eddie Nketiah,2021,5.0,1.0,826.0,23.04496327782227,Attack,21,2022-05-22,2022-06-15,16000000
238223,Ederson,2021,0.0,0.0,3330.0,28.827422876581995,Goalkeeper,37,2022-05-22,2022-06-15,45000000
48280,Edinson Cavani,2021,2.0,1.0,765.0,35.33268992518669,Attack,15,2022-05-22,2022-06-15,4000000
486477,Edo Kayembe,2021,0.0,0.0,799.0,24.03334770734512,Midfield,13,2022-05-22,2022-06-15,3000000
442531,Edouard Mendy,2021,0.0,0.0,3060.0,30.28946521831386,Goalkeeper,34,2022-05-22,2022-06-15,32000000
476344,Emerson Royal,2021,1.0,1.0,2289.0,23.417318630772705,Defender,31,2022-05-22,2022-06-15,25000000
184528,Emil Krafth,2021,0.0,1.0,1639.0,27.869155424136018,Defender,20,2022-05-16,2022-06-15,5000000
392765,Emile Smith Rowe,2021,10.0,2.0,1920.0,21.881352799852152,Midfield,33,2022-05-16,2022-06-15,40000000
321247,Emiliano Buendía,2021,4.0,6.0,1901.0,25.470748886014086,Attack,35,2022-05-22,2022-06-15,32000000
111873,Emiliano Martínez,2021,0.0,0.0,3240.0,29.782952422020987,Goalkeeper,36,2022-05-19,2022-06-15,28000000
448854,Emmanuel Dennis,2021,10.0,6.0,2590.0,24.580929108742822,Attack,33,2022-05-07,2022-06-15,14000000
490307,Enock Mwepu,2021,2.0,5.0,994.0,24.45224747941436,Midfield,18,2022-05-22,2022-06-15,18000000
175722,Eric Dier,2021,0.0,0.0,3072.0,28.413998918526733,Defender,35,2022-05-22,2022-06-15,28000000
43763,Erik Pieters,2021,0.0,1.0,727.0,33.854220141412895,Defender,12,2022-05-07,2022-06-15,900000
442248,Ethan Pinnock,2021,1.0,1.0,2697.0,29.046455437141077,Defender,32,2022-04-16,2022-06-15,12000000
413403,Ezri Konsa,2021,2.0,0.0,2481.0,24.643900969903555,Defender,29,2022-05-15,2022-06-15,22000000
50362,Fabian Delph,2021,0.0,0.0,666.0,32.56466594112131,Midfield,11,2022-05-11,2022-06-15,1800000
135343,Fabian Schär,2021,2.0,2.0,2161.0,30.486594522817033,Defender,25,2022-05-16,2022-06-15,7000000
225693,Fabinho,2021,5.0,1.0,2316.0,28.643983107113765,Midfield,29,2022-05-10,2022-06-15,60000000
85475,Federico Fernández,2021,0.0,0.0,522.0,33.31211455402917,Defender,7,2021-12-04,2022-06-15,1500000
26267,Fernandinho,2021,2.0,1.0,958.0,37.11506738673621,Midfield,19,2022-05-22,2022-06-15,1500000
412669,Francisco Trincão,2021,2.0,1.0,1342.0,22.461789085333717,Midfield,28,2022-05-22,2022-06-15,20000000
421637,Frank Onyeka,2021,0.0,0.0,1051.0,24.45224747941436,Midfield,20,2022-03-12,2022-06-15,9000000
52570,Fraser Forster,2021,0.0,0.0,1710.0,34.24574084341225,Goalkeeper,19,2022-05-07,2022-06-15,2000000
191614,Fred,2021,4.0,5.0,2035.0,29.2791775327351,Midfield,28,2022-05-22,2022-06-15,20000000
505653,Fábio Silva,2021,0.0,0.0,564.0,19.90732184781344,Attack,22,2022-05-15,2022-06-15,15000000
435338,Gabriel,2021,5.0,0.0,3067.0,24.487840270505213,Defender,35,2022-05-22,2022-06-15,38000000
363205,Gabriel Jesus,2021,8.0,9.0,1878.0,25.199696092322224,Attack,28,2022-05-22,2022-06-15,50000000
655488,Gabriel Martinelli,2021,6.0,6.0,1867.0,20.99153302258089,Attack,29,2022-05-22,2022-06-15,40000000
111455,Granit Xhaka,2021,1.0,2.0,2331.0,29.714504746846274,Midfield,27,2022-05-22,2022-06-15,20000000
121385,Grant Hanley,2021,1.0,0.0,2899.0,30.568731733026688,Defender,33,2022-05-22,2022-06-15,3500000
217111,Hakim Ziyech,2021,4.0,3.0,1316.0,29.24084683463726,Attack,23,2022-05-22,2022-06-15,28000000
132098,Harry Kane,2021,17.0,9.0,3232.0,28.882181016721766,Attack,37,2022-05-22,2022-06-15,90000000
177907,Harry Maguire,2021,1.0,0.0,2515.0,29.2791775327351,Defender,30,2022-05-22,2022-06-15,38000000
249126,Harry Winks,2021,0.0,1.0,907.0,26.36604447729933,Midfield,19,2022-05-22,2022-06-15,15000000
398065,Harvey Barnes,2021,6.0,10.0,2105.0,24.515219340575097,Attack,32,2022-05-22,2022-06-15,32000000
290017,Hassane Kamara,2021,1.0,0.0,1626.0,28.279841475184295,Defender,19,2022-05-22,2022-06-15,4000000
292246,Hee-chan Hwang,2021,5.0,1.0,1822.0,26.385209826348248,Attack,30,2022-05-22,2022-06-15,16000000
91845,Heung-min Son,2021,23.0,9.0,3022.0,29.93627521441234,Attack,35,2022-05-22,2022-06-15,75000000
17965,Hugo Lloris,2021,0.0,0.0,3420.0,35.46958527553612,Goalkeeper,38,2022-05-22,2022-06-15,7000000
413032,Ibrahima Diallo,2021,0.0,2.0,1018.0,23.272209559402313,Midfield,23,2022-05-17,2022-06-15,10000000
357119,Ibrahima Konaté,2021,0.0,0.0,990.0,23.05865281285721,Defender,11,2022-05-22,2022-06-15,40000000
542586,Illan Meslier,2021,0.0,0.0,3385.0,22.286563036886452,Goalkeeper,38,2022-05-22,2022-06-15,20000000
635336,Imrân Louza,2021,0.0,0.0,1420.0,23.124362581024936,Midfield,20,2022-04-30,2022-06-15,9000000
206225,Isaac Hayden,2021,1.0,0.0,1001.0,27.233960998514686,Midfield,14,2021-12-19,2022-06-15,8000000
410225,Ismaïla Sarr,2021,5.0,2.0,1865.0,24.30166259402999,Attack,22,2022-05-07,2022-06-15,27000000
272622,Issa Diop,2021,0.0,1.0,962.0,25.42968028090926,Defender,13,2022-04-17,2022-06-15,10000000
251664,Ivan Toney,2021,12.0,5.0,2908.0,26.24831447599882,Attack,33,2022-05-22,2022-06-15,35000000
128899,Jack Butland,2021,0.0,0.0,765.0,29.26548799770016,Goalkeeper,9,2022-05-19,2022-06-15,1800000
40613,Jack Cork,2021,1.0,0.0,1676.0,32.9726140851626,Midfield,20,2022-05-22,2022-06-15,1800000
203460,Jack Grealish,2021,3.0,3.0,1916.0,26.76304099331266,Attack,26,2022-05-15,2022-06-15,70000000
417346,Jack Harrison,2021,8.0,1.0,2647.0,25.566575631258683,Attack,35,2022-05-22,2022-06-15,18000000
163744,Jack Stephens,2021,0.0,0.0,811.0,28.38114403444287,Defender,11,2022-05-22,2022-06-15,7000000
390664,Jacob Lungi Sørensen,2021,0.0,0.0,601.0,24.28523515198806,Midfield,10,2022-05-22,2022-06-15,1500000
199527,Jacob Murphy,2021,1.0,2.0,1460.0,27.305146580696388,Attack,33,2022-05-22,2022-06-15,5000000
503749,Jacob Ramsey,2021,6.0,1.0,2479.0,21.049029069727645,Midfield,34,2022-05-22,2022-06-15,25000000
401173,Jadon Sancho,2021,3.0,3.0,1901.0,22.223591175725716,Attack,29,2022-04-23,2022-06-15,75000000
384461,Jakub Moder,2021,0.0,3.0,1703.0,23.190072349192658,Midfield,28,2022-04-02,2022-06-15,12000000
183318,Jamaal Lascelles,2021,1.0,0.0,2056.0,28.591962873980986,Defender,26,2022-05-22,2022-06-15,10000000
413220,James Justin,2021,0.0,0.0,997.0,24.307138408043972,Defender,13,2022-05-22,2022-06-15,25000000
294057,James Maddison,2021,12.0,8.0,2467.0,25.558361910237718,Midfield,35,2022-05-22,2022-06-15,50000000
41416,James McArthur,2021,0.0,4.0,1437.0,34.68928177854439,Midfield,21,2022-05-22,2022-06-15,1200000
3333,James Milner,2021,0.0,1.0,850.0,36.44428017002402,Midfield,24,2022-05-22,2022-06-15,2000000
173504,James Tarkowski,2021,1.0,2.0,3107.0,29.56939567547588,Defender,35,2022-05-22,2022-06-15,22000000
61592,James Tomkins,2021,1.0,0.0,546.0,33.21354990177758,Defender,8,2021-12-28,2022-06-15,1500000
181579,James Ward-Prowse,2021,10.0,5.0,3217.0,27.620005886500063,Midfield,36,2022-05-22,2022-06-15,32000000
534700,Jamie Shackleton,2021,0.0,0.0,707.0,22.686297459906775,Midfield,14,2022-05-15,2022-06-15,2500000
197838,Jamie Vardy,2021,15.0,2.0,1805.0,35.4257787634243,Attack,25,2022-05-22,2022-06-15,5000000
243028,Jan Bednarek,2021,4.0,0.0,2631.0,26.17439098681013,Defender,31,2022-05-07,2022-06-15,22000000
99331,Jannik Vestergaard,2021,0.0,0.0,564.0,29.865089632230642,Defender,10,2022-02-13,2022-06-15,13000000
346478,Japhet Tanganga,2021,0.0,0.0,739.0,23.20923769824158,Defender,11,2022-01-23,2022-06-15,12000000
314875,Jarrod Bowen,2021,12.0,12.0,2993.0,25.484438421049028,Attack,36,2022-05-22,2022-06-15,42000000
162029,Javier Manquillo,2021,1.0,2.0,1262.0,28.112829147757996,Defender,19,2022-04-03,2022-06-15,3000000
53360,Jay Rodríguez,2021,2.0,2.0,1371.0,32.879525246924985,Attack,29,2022-04-24,2022-06-15,2000000
420002,Jean-Philippe Mateta,2021,5.0,1.0,1149.0,24.96423608972121,Attack,22,2022-05-19,2022-06-15,10000000
157506,Jeffrey Schlupp,2021,4.0,2.0,1846.0,29.476306837238273,Midfield,32,2022-05-22,2022-06-15,8000000
503795,Jeremy Ngakia,2021,0.0,0.0,900.0,21.769098612565625,Defender,16,2022-05-15,2022-06-15,3500000
260827,Joachim Andersen,2021,0.0,3.0,2915.0,26.040233543467696,Defender,34,2022-05-22,2022-06-15,25000000
503980,Joe Gelhardt,2021,2.0,4.0,736.0,20.115402780344564,Attack,20,2022-05-22,2022-06-15,6000000
340329,Joe Willock,2021,2.0,0.0,2045.0,22.82045490324921,Midfield,29,2022-04-30,2022-06-15,22000000
82105,Joel Matip,2021,3.0,3.0,2790.0,30.85347406175349,Defender,31,2022-05-22,2022-06-15,18000000
92572,Joel Ward,2021,0.0,0.0,2486.0,32.627637802282045,Defender,28,2022-05-22,2022-06-15,2000000
333241,Joelinton,2021,4.0,1.0,2559.0,25.834890517943556,Midfield,35,2022-05-22,2022-06-15,20000000
193116,John McGinn,2021,3.0,4.0,3093.0,27.658336584597905,Midfield,35,2022-05-22,2022-06-15,32000000
186590,John Stones,2021,1.0,0.0,1118.0,28.04985728659726,Defender,14,2022-05-22,2022-06-15,28000000
71292,Jonjo Shelvey,2021,2.0,1.0,1986.0,30.297678939334826,Midfield,24,2022-04-30,2022-06-15,10000000
258883,Jonjoe Kenny,2021,0.0,1.0,1017.0,25.251716325455007,Defender,15,2022-05-22,2022-06-15,4000000
42412,Jonny Evans,2021,1.0,1.0,1350.0,34.448345961929405,Defender,18,2022-05-22,2022-06-15,4000000
175446,Jonny Otto,2021,2.0,0.0,1023.0,28.28531728919827,Defender,13,2022-05-22,2022-06-15,15000000
108354,Jordan Ayew,2021,3.0,3.0,2025.0,30.760385223515883,Attack,31,2022-05-19,2022-06-15,6000000
61651,Jordan Henderson,2021,2.0,5.0,2603.0,31.995181283667698,Midfield,35,2022-05-22,2022-06-15,15000000
130164,Jordan Pickford,2021,0.0,0.0,3150.0,28.274365661170318,Goalkeeper,35,2022-05-19,2022-06-15,20000000
102017,Jorginho,2021,6.0,2.0,2279.0,30.486594522817033,Midfield,29,2022-05-19,2022-06-15,40000000
293569,Josh Brownhill,2021,2.0,3.0,2953.0,26.48925029261381,Midfield,35,2022-05-22,2022-06-15,7000000
393325,Josh Sargent,2021,2.0,1.0,1579.0,22.316680013963325,Attack,26,2022-04-30,2022-06-15,7000000
91059,Joshua King,2021,5.0,3.0,2249.0,30.41540894063533,Attack,32,2022-05-22,2022-06-15,8000000
249994,José Sá,2021,0.0,1.0,3285.0,29.40785916206356,Goalkeeper,37,2022-05-22,2022-06-15,18000000
182712,João Cancelo,2021,1.0,7.0,3228.0,28.052595193604247,Defender,36,2022-05-22,2022-06-15,65000000
29364,João Moutinho,2021,2.0,1.0,2976.0,35.76801713929786,Midfield,35,2022-05-22,2022-06-15,2500000
626724,João Pedro,2021,3.0,1.0,1638.0,20.717742321882035,Attack,28,2022-05-22,2022-06-15,14000000
111195,Joël Veltman,2021,1.0,1.0,2881.0,30.41540894063533,Defender,34,2022-05-22,2022-06-15,10000000
374139,Junior Firpo,2021,0.0,2.0,1716.0,25.81298726188765,Defender,24,2022-05-22,2022-06-15,12000000
74943,Juraj Kucka,2021,1.0,1.0,1923.0,35.29983504110283,Midfield,26,2022-04-30,2022-06-15,1800000
89231,Jóhann Berg Gudmundsson,2021,0.0,1.0,1105.0,31.633777558745216,Attack,18,2022-01-23,2022-06-15,2000000
309400,Kai Havertz,2021,8.0,4.0,1811.0,23.012108393738405,Attack,29,2022-05-22,2022-06-15,70000000
351749,Kalvin Phillips,2021,0.0,1.0,1595.0,26.535794711732617,Midfield,20,2022-05-22,2022-06-15,50000000
99397,Karl Darlow,2021,0.0,0.0,720.0,31.685797791878,Goalkeeper,8,2021-11-20,2022-06-15,2500000
16911,Kasper Schmeichel,2021,0.0,0.0,3330.0,35.60921853289253,Goalkeeper,37,2022-05-22,2022-06-15,4000000
295330,Kelechi Iheanacho,2021,4.0,5.0,1260.0,25.697995167594133,Attack,26,2022-05-19,2022-06-15,20000000
252345,Ken Sema,2021,0.0,0.0,846.0,28.706954968274502,Defender,18,2022-05-22,2022-06-15,2500000
126600,Kenny McLean,2021,1.0,0.0,2707.0,30.43457428968425,Midfield,31,2022-04-23,2022-06-15,2500000
88755,Kevin De Bruyne,2021,15.0,8.0,2206.0,30.96572824904002,Midfield,30,2022-05-22,2022-06-15,85000000
258916,Kieran Dowell,2021,1.0,1.0,912.0,24.679493760994408,Midfield,19,2022-05-22,2022-06-15,2500000
300716,Kieran Tierney,2021,1.0,3.0,1919.0,25.027207950881948,Defender,22,2022-03-19,2022-06-15,32000000
475188,Kiernan Dewsbury-Hall,2021,1.0,2.0,2105.0,23.77324654168121,Midfield,28,2022-05-22,2022-06-15,8000000
76467,Kiko Femenía,2021,0.0,5.0,2150.0,31.365462672060342,Defender,27,2022-05-22,2022-06-15,2500000
338070,Konstantinos Tsimikas,2021,0.0,2.0,874.0,26.092253776600476,Defender,13,2022-05-17,2022-06-15,15000000
328658,Kristoffer Ajer,2021,1.0,2.0,1987.0,24.16202933667358,Defender,24,2022-05-22,2022-06-15,18000000
157509,Kurt Zouma,2021,1.0,0.0,2080.0,27.633695421535005,Defender,24,2022-05-22,2022-06-15,28000000
95424,Kyle Walker,2021,0.0,2.0,1755.0,32.04993942380747,Defender,20,2022-04-10,2022-06-15,18000000
341051,Kyle Walker-Peters,2021,1.0,2.0,2632.0,25.17231702225234,Defender,32,2022-05-22,2022-06-15,22000000
168157,Leander Dendoncker,2021,2.0,2.0,1948.0,27.16825123034696,Midfield,30,2022-05-22,2022-06-15,28000000
144028,Leandro Trossard,2021,8.0,3.0,2809.0,27.529654955269443,Attack,34,2022-05-15,2022-06-15,20000000
387626,Leon Bailey,2021,1.0,2.0,755.0,24.849243995427695,Attack,18,2022-04-30,2022-06-15,25000000
148153,Lewis Dunk,2021,1.0,0.0,2574.0,30.5659938260197,Defender,29,2022-05-22,2022-06-15,20000000
75067,Liam Cooper,2021,0.0,1.0,1815.0,30.793240107599743,Defender,21,2022-05-22,2022-06-15,7000000
126664,Lucas Digne,2021,0.0,4.0,2443.0,28.904084272777673,Defender,29,2022-05-22,2022-06-15,25000000
77100,Lucas Moura,2021,2.0,6.0,1774.0,29.837710562160755,Attack,34,2022-05-22,2022-06-15,20000000
480692,Luis Díaz,2021,4.0,3.0,963.0,25.418728652881306,Attack,13,2022-05-22,2022-06-15,65000000
74300,Luka Milivojevic,2021,0.0,0.0,776.0,31.190236623613078,Midfield,15,2022-05-19,2022-06-15,4000000
82863,Lukas Rupp,2021,0.0,0.0,762.0,31.433910347235056,Midfield,19,2022-05-22,2022-06-15,1200000
29692,Lukasz Fabianski,2021,0.0,0.0,3330.0,37.15887389884802,Goalkeeper,37,2022-05-22,2022-06-15,1000000
67420,Luke Ayling,2021,2.0,2.0,2275.0,30.80692964263469,Defender,26,2022-05-08,2022-06-15,4000000
183288,Luke Shaw,2021,0.0,3.0,1604.0,26.92731541373197,Defender,20,2022-04-02,2022-06-15,38000000
505194,Luke Thomas,2021,0.0,1.0,1912.0,21.013436278636796,Defender,22,2022-05-19,2022-06-15,12000000
379807,Lyanco,2021,0.0,0.0,906.0,25.366708419748523,Defender,15,2022-05-22,2022-06-15,5000000
372240,Mads Bech Sørensen,2021,0.0,0.0,833.0,23.436483979821624,Defender,11,2022-05-22,2022-06-15,5000000
391005,Mads Roerslev,2021,1.0,1.0,1233.0,22.976515602647556,Defender,21,2022-05-15,2022-06-15,2500000
344596,Malang Sarr,2021,0.0,0.0,546.0,23.39267746770981,Defender,8,2022-05-22,2022-06-15,8000000
135853,Manuel Lanzini,2021,5.0,3.0,1788.0,29.328459858860892,Midfield,30,2022-05-22,2022-06-15,12000000
61560,Marc Albrighton,2021,1.0,2.0,1127.0,32.57287966214228,Midfield,17,2022-05-15,2022-06-15,2500000
284857,Marc Cucurella,2021,1.0,1.0,3092.0,23.899190264002684,Defender,35,2022-05-22,2022-06-15,28000000
392757,Marc Guéhi,2021,2.0,1.0,3223.0,21.92242140495698,Defender,36,2022-05-19,2022-06-15,32000000
112515,Marcos Alonso,2021,4.0,5.0,2172.0,31.464027324311928,Defender,28,2022-05-19,2022-06-15,12000000
258923,Marcus Rashford,2021,4.0,2.0,1233.0,24.621997713847648,Attack,25,2022-04-28,2022-06-15,60000000
74960,Martin Dúbravka,2021,0.0,0.0,2340.0,33.41341711328775,Goalkeeper,26,2022-05-22,2022-06-15,4000000
316264,Martin Ødegaard,2021,7.0,4.0,2793.0,23.493980026968384,Midfield,36,2022-05-22,2022-06-15,45000000
324882,Marvelous Nakamba,2021,0.0,0.0,904.0,28.403047290498776,Midfield,16,2022-05-22,2022-06-15,7000000
137745,Marçal,2021,0.0,0.0,1453.0,33.31759036804315,Defender,18,2022-04-08,2022-06-15,1500000
348623,Mason Holgate,2021,2.0,1.0,2134.0,25.64597493446135,Defender,25,2022-05-22,2022-06-15,18000000
346483,Mason Mount,2021,11.0,10.0,2364.0,23.42827025880066,Midfield,32,2022-05-22,2022-06-15,75000000
101500,Matej Vydra,2021,2.0,3.0,668.0,30.122452890887562,Attack,22,2022-04-30,2022-06-15,2000000
51471,Mateo Kovacic,2021,2.0,5.0,1556.0,28.110091240751007,Midfield,25,2022-05-11,2022-06-15,42000000
92738,Mateusz Klich,2021,1.0,2.0,2082.0,32.00613291169565,Midfield,33,2022-05-22,2022-06-15,3000000
319859,Mathias Jensen,2021,0.0,1.0,1600.0,26.45365750152296,Midfield,31,2022-05-22,2022-06-15,10000000
257805,Mathias Normann,2021,1.0,2.0,1651.0,26.04844726448866,Midfield,23,2022-05-22,2022-06-15,10000000
171679,Matt Doherty,2021,2.0,4.0,874.0,30.412671033628342,Defender,15,2022-04-09,2022-06-15,12000000
92469,Matt Ritchie,2021,0.0,2.0,1334.0,32.761795245624484,Midfield,18,2022-05-22,2022-06-15,1800000
250478,Matt Targett,2021,1.0,1.0,2873.0,26.741137737256754,Defender,33,2022-05-22,2022-06-15,17000000
102258,Matthew Lowton,2021,1.0,2.0,1773.0,33.01642059727441,Defender,25,2022-05-19,2022-06-15,1200000
425334,Matty Cash,2021,4.0,3.0,3380.0,24.854719809441672,Defender,38,2022-05-22,2022-06-15,25000000
471690,Max Aarons,2021,0.0,2.0,2882.0,22.445361643291786,Defender,34,2022-05-22,2022-06-15,22000000
525247,Maximilian Kilman,2021,1.0,0.0,2689.0,25.062800741972797,Defender,30,2022-04-08,2022-06-15,16000000
234781,Maxwel Cornet,2021,9.0,1.0,1776.0,25.714422609636063,Attack,26,2022-05-22,2022-06-15,15000000
118534,Michael Keane,2021,3.0,2.0,2792.0,29.42428660410549,Defender,32,2022-05-22,2022-06-15,20000000
566723,Michael Olise,2021,2.0,5.0,1135.0,20.50692348234392,Attack,26,2022-05-07,2022-06-15,22000000
104124,Michail Antonio,2021,10.0,8.0,2980.0,32.21695175123377,Attack,36,2022-05-22,2022-06-15,10000000
272999,Miguel Almirón,2021,1.0,0.0,1720.0,28.34281333634503,Attack,30,2022-05-22,2022-06-15,16000000
291739,Milot Rashica,2021,1.0,2.0,2239.0,25.963572147272018,Attack,31,2022-05-22,2022-06-15,7000000
160438,Mohamed Elneny,2021,0.0,2.0,801.0,29.928061493391375,Midfield,14,2022-05-22,2022-06-15,11000000
186644,Mohamed Elyounoussi,2021,4.0,2.0,2045.0,27.86367961012204,Attack,30,2022-05-22,2022-06-15,12000000
148455,Mohamed Salah,2021,23.0,14.0,2762.0,29.999247075573077,Attack,35,2022-05-22,2022-06-15,90000000
563963,Mohammed Salisu,2021,0.0,0.0,2972.0,23.162693279122774,Defender,34,2022-05-22,2022-06-15,18000000
687626,Moisés Caicedo,2021,1.0,1.0,664.0,20.61643976262346,Midfield,8,2022-05-22,2022-06-15,6000000
485424,Moussa Djenepo,2021,0.0,0.0,455.0,24.000492823261258,Attack,12,2022-05-22,2022-06-15,10000000
46001,Moussa Sissoko,2021,2.0,1.0,3221.0,32.83024292079919,Midfield,36,2022-05-22,2022-06-15,4500000
225083,N'Golo Kanté,2021,2.0,4.0,1778.0,31.214877786675974,Midfield,26,2022-05-22,2022-06-15,40000000
302215,Naby Keïta,2021,3.0,1.0,1175.0,27.343477278794225,Midfield,23,2022-05-22,2022-06-15,25000000
111051,Nampalys Mendy,2021,0.0,0.0,1035.0,29.97734381951717,Midfield,14,2022-05-22,2022-06-15,4000000
177476,Nathan Aké,2021,2.0,0.0,920.0,27.321574022738318,Defender,14,2022-05-11,2022-06-15,25000000
469050,Nathan Collins,2021,2.0,0.0,1670.0,21.125690465923324,Defender,19,2022-05-22,2022-06-15,10000000
129078,Nathan Redmond,2021,1.0,5.0,1832.0,28.277103568177306,Attack,27,2022-05-22,2022-06-15,18000000
340322,Nathan Tella,2021,0.0,1.0,811.0,22.946398625570684,Attack,14,2022-05-17,2022-06-15,1800000
85177,Nathaniel Clyne,2021,0.0,1.0,1351.0,31.195712437627055,Defender,16,2022-05-22,2022-06-15,2000000
217115,Neal Maupay,2021,8.0,2.0,2274.0,25.834890517943556,Attack,32,2022-05-22,2022-06-15,18000000
74683,Nemanja Matić,2021,0.0,4.0,1383.0,33.870647583454826,Midfield,23,2022-05-07,2022-06-15,5000000
192080,Nick Pope,2021,0.0,0.0,3240.0,30.155307774971423,Goalkeeper,36,2022-05-22,2022-06-15,15000000
343052,Nicolas Pépé,2021,1.0,2.0,681.0,27.047783322039468,Attack,20,2022-05-22,2022-06-15,25000000
293200,Nikola Vlašić,2021,1.0,0.0,554.0,24.695921203036338,Midfield,19,2022-05-08,2022-06-15,22000000
535955,Nuno Tavares,2021,1.0,1.0,1171.0,22.385127689138038,Defender,22,2022-05-22,2022-06-15,15000000
231572,Nélson Semedo,2021,0.0,1.0,2137.0,28.578273338946044,Defender,25,2022-04-30,2022-06-15,22000000
344152,Odsonne Édouard,2021,6.0,3.0,1566.0,24.411178874309535,Attack,28,2022-05-22,2022-06-15,17000000
203853,Oleksandr Zinchenko,2021,0.0,4.0,1044.0,25.49812795608397,Defender,15,2022-05-22,2022-06-15,25000000
406638,Oliver Skipp,2021,0.0,0.0,1349.0,21.74445744950273,Midfield,18,2022-01-23,2022-06-15,18000000
324358,Ollie Watkins,2021,11.0,2.0,2955.0,26.45913331553694,Attack,35,2022-05-22,2022-06-15,35000000
66100,Oriol Romeu,2021,2.0,2.0,2899.0,30.724792432425033,Midfield,36,2022-05-22,2022-06-15,5000000
361260,Ozan Kabak,2021,0.0,0.0,924.0,22.223591175725716,Defender,11,2022-03-13,2022-06-15,10000000
357885,Pablo Fornals,2021,6.0,4.0,2802.0,26.311286337159558,Midfield,36,2022-05-22,2022-06-15,22000000
82873,Pascal Groß,2021,2.0,4.0,2043.0,31.001321040130872,Midfield,29,2022-05-22,2022-06-15,6000000
410708,Pascal Struijk,2021,1.0,0.0,2051.0,22.845096066312106,Defender,29,2022-05-22,2022-06-15,15000000
183334,Patrick Bamford,2021,2.0,2.0,559.0,28.775402643449215,Attack,9,2022-03-18,2022-06-15,16000000
365172,Patson Daka,2021,5.0,3.0,1161.0,23.68289561045059,Attack,23,2022-05-15,2022-06-15,20000000
122153,Paul Pogba,2021,1.0,9.0,1354.0,29.251798462665214,Midfield,20,2022-04-19,2022-06-15,48000000
487465,Pedro Neto,2021,1.0,1.0,464.0,22.267397687837533,Attack,13,2022-05-22,2022-06-15,32000000
406635,Phil Foden,2021,9.0,5.0,2134.0,22.04836512727845,Midfield,28,2022-05-22,2022-06-15,90000000
80444,Philippe Coutinho,2021,5.0,3.0,1338.0,30.007460796594042,Midfield,19,2022-05-22,2022-06-15,20000000
377393,Pierre Lees-Melou,2021,1.0,1.0,2272.0,29.05740706516903,Midfield,33,2022-05-22,2022-06-15,5000000
58864,Pierre-Emerick Aubameyang,2021,4.0,1.0,1040.0,32.958924550127655,Attack,14,2021-12-06,2022-06-03,15000000
167799,Pierre-Emile Højbjerg,2021,2.0,2.0,3199.0,26.861605645564246,Midfield,36,2022-05-22,2022-06-15,40000000
125314,Pontus Jansson,2021,3.0,2.0,3322.0,31.33534569498347,Defender,37,2022-05-22,2022-06-15,7000000
383109,Przemyslaw Placheta,2021,0.0,0.0,506.0,24.230477011848294,Attack,12,2022-05-11,2022-06-15,1800000
134425,Raheem Sterling,2021,13.0,6.0,2127.0,27.51870332724149,Attack,30,2022-05-22,2022-06-15,70000000
164770,Raphaël Varane,2021,1.0,1.0,1829.0,29.139544275378686,Defender,22,2022-05-07,2022-06-15,48000000
411295,Raphinha,2021,11.0,3.0,2923.0,25.500865863090958,Attack,35,2022-05-22,2022-06-15,45000000
578391,Rayan Aït-Nouri,2021,1.0,4.0,1828.0,21.02438790666475,Defender,23,2022-05-22,2022-06-15,20000000
206040,Raúl Jiménez,2021,6.0,4.0,2638.0,31.1135752274174,Attack,34,2022-05-22,2022-06-15,18000000
472423,Reece James,2021,5.0,9.0,1865.0,22.519285132480476,Defender,26,2022-05-22,2022-06-15,60000000
215876,Ricardo Pereira,2021,1.0,3.0,992.0,28.69052752623257,Defender,14,2022-05-22,2022-06-15,20000000
378710,Richarlison,2021,10.0,5.0,2528.0,25.09839353306365,Attack,30,2022-05-19,2022-06-15,48000000
339556,Rico Henry,2021,3.0,0.0,2784.0,24.936857019651328,Defender,34,2022-05-22,2022-06-15,20000000
171424,Riyad Mahrez,2021,11.0,5.0,1491.0,31.313442438927563,Attack,28,2022-05-22,2022-06-15,35000000
253341,Rob Holding,2021,1.0,0.0,841.0,26.735661923242777,Defender,15,2022-05-22,2022-06-15,10000000
403151,Robert Sánchez,2021,0.0,0.0,3330.0,24.572715387721857,Goalkeeper,37,2022-05-22,2022-06-15,16000000
131789,Roberto Firmino,2021,5.0,4.0,985.0,30.702889176369123,Attack,20,2022-05-22,2022-06-15,32000000
328784,Robin Koch,2021,0.0,0.0,1574.0,25.911551914139235,Defender,20,2022-05-22,2022-06-15,16000000
357565,Rodri,2021,7.0,2.0,2888.0,25.979999589313948,Midfield,33,2022-05-22,2022-06-15,80000000
131505,Rodrigo,2021,6.0,1.0,2270.0,31.27784964783671,Attack,31,2022-05-22,2022-06-15,12000000
354362,Rodrigo Bentancur,2021,0.0,4.0,1365.0,24.972449810742177,Midfield,17,2022-05-22,2022-06-15,28000000
318523,Romain Perraud,2021,0.0,1.0,1625.0,24.7287760871202,Defender,20,2022-05-07,2022-06-15,8000000
204198,Romain Saïss,2021,2.0,0.0,2709.0,32.22242756524775,Defender,31,2022-05-07,2022-06-15,8000000
96341,Romelu Lukaku,2021,8.0,1.0,1586.0,29.09026194925289,Attack,26,2022-05-19,2022-06-15,70000000
202886,Ruben Loftus-Cheek,2021,0.0,3.0,1387.0,26.393423547369213,Midfield,24,2022-05-19,2022-06-15,20000000
146795,Ryan Fraser,2021,2.0,3.0,1472.0,28.30448263824719,Attack,27,2022-05-16,2022-06-15,10000000
392775,Ryan Sessegnon,2021,0.0,2.0,1053.0,22.075744197348335,Defender,15,2022-05-22,2022-06-15,18000000
258004,Rúben Dias,2021,2.0,4.0,2403.0,25.087441905035696,Defender,29,2022-05-08,2022-06-15,75000000
225161,Rúben Neves,2021,4.0,2.0,2662.0,25.257192139468984,Midfield,33,2022-05-22,2022-06-15,40000000
200512,Sadio Mané,2021,16.0,4.0,2825.0,30.179948938034318,Attack,34,2022-05-22,2022-06-15,70000000
80197,Salomón Rondón,2021,1.0,1.0,783.0,32.74536780358255,Attack,20,2022-05-15,2022-06-15,2500000
236953,Sam Byram,2021,0.0,0.0,1024.0,28.74528566637234,Defender,15,2022-05-22,2022-06-15,2000000
204294,Saman Ghoddos,2021,1.0,2.0,528.0,28.772664736442227,Midfield,17,2022-04-23,2022-06-15,2500000
255744,Samir Caetano,2021,0.0,0.0,1676.0,27.526917048262455,Defender,19,2022-05-22,2022-06-15,5000000
290532,Saïd Benrahma,2021,8.0,6.0,2184.0,26.847916110529304,Attack,32,2022-05-08,2022-06-15,25000000
148928,Saúl Ñíguez,2021,0.0,0.0,478.0,27.565247746360296,Midfield,10,2022-05-22,2022-06-15,25000000
315969,Scott McTominay,2021,1.0,1.0,2391.0,25.517293305132892,Midfield,30,2022-05-22,2022-06-15,32000000
346707,Sean Longstaff,2021,1.0,1.0,1460.0,24.624735620854636,Midfield,24,2022-05-22,2022-06-15,13000000
251845,Sergi Canós,2021,3.0,2.0,2094.0,25.363970512741535,Attack,31,2022-05-22,2022-06-15,14000000
282429,Sergio Reguilón,2021,2.0,3.0,1922.0,25.49539004907698,Defender,25,2022-04-16,2022-06-15,25000000
533916,Shandon Baptiste,2021,1.0,0.0,905.0,24.186670499736476,Midfield,22,2022-05-22,2022-06-15,3000000
119269,Shane Duffy,2021,1.0,0.0,1434.0,30.45373963873317,Defender,18,2022-03-16,2022-06-15,5000000
209212,Solly March,2021,0.0,2.0,1740.0,27.90474821522687,Attack,31,2022-05-22,2022-06-15,9000000
284165,Steven Bergwijn,2021,3.0,1.0,550.0,24.684969575008385,Attack,25,2022-05-22,2022-06-15,18000000
130765,Stuart Armstrong,2021,2.0,1.0,1470.0,30.210065915111194,Midfield,25,2022-05-22,2022-06-15,6000000
158764,Stuart Dallas,2021,1.0,1.0,2922.0,31.157381739529217,Defender,34,2022-04-30,2022-06-15,4000000
68390,Séamus Coleman,2021,1.0,1.0,2658.0,33.67625618595864,Defender,30,2022-05-19,2022-06-15,3000000
331560,Takehiro Tomiyasu,2021,0.0,1.0,1684.0,23.6089721212619,Defender,21,2022-05-16,2022-06-15,25000000
450936,Tanguy Ndombélé,2021,1.0,1.0,486.0,25.418728652881306,Midfield,9,2021-12-26,2022-05-30,30000000
504148,Tariq Lamptey,2021,0.0,2.0,1556.0,21.706126751404888,Defender,30,2022-05-22,2022-06-15,18000000
46972,Teemu Pukki,2021,11.0,3.0,3261.0,32.214213844226784,Attack,37,2022-05-22,2022-06-15,4000000
60444,Thiago Alcántara,2021,1.0,4.0,1537.0,31.179284995585125,Midfield,25,2022-05-22,2022-06-15,20000000
29241,Thiago Silva,2021,3.0,1.0,2651.0,37.728358556301636,Defender,32,2022-05-22,2022-06-15,2500000
230784,Thomas Partey,2021,2.0,1.0,2033.0,29.00538683203625,Midfield,24,2022-04-04,2022-06-15,38000000
33027,Tim Krul,2021,0.0,0.0,2610.0,34.19919642429345,Goalkeeper,29,2022-05-22,2022-06-15,2000000
170527,Timo Werner,2021,4.0,1.0,1286.0,26.27569354606871,Attack,21,2022-05-07,2022-06-15,35000000
262226,Timothy Castagne,2021,1.0,0.0,2126.0,26.527580990711648,Defender,27,2022-05-22,2022-06-15,28000000
503981,Tino Livramento,2021,1.0,2.0,2203.0,19.58972463500277,Defender,28,2022-04-24,2022-06-15,25000000
73484,Tom Cleverley,2021,0.0,2.0,1623.0,32.84119454882715,Midfield,28,2022-05-22,2022-06-15,1800000
283628,Tomáš Souček,2021,5.0,1.0,3062.0,27.296932859675422,Midfield,35,2022-05-22,2022-06-15,45000000
314353,Trent Alexander-Arnold,2021,2.0,12.0,2854.0,23.688371424464567,Defender,32,2022-05-22,2022-06-15,80000000
346314,Trevoh Chalobah,2021,3.0,1.0,1448.0,22.946398625570684,Defender,20,2022-05-19,2022-06-15,20000000
296986,Tyler Roberts,2021,1.0,1.0,978.0,23.422794444786682,Attack,23,2022-03-05,2022-06-15,8000000
730893,Tyrick Mitchell,2021,0.0,2.0,3103.0,22.78760001916535,Defender,36,2022-05-22,2022-06-15,25000000
253677,Tyrone Mings,2021,1.0,3.0,3188.0,29.25727427667919,Defender,36,2022-05-22,2022-06-15,30000000
64399,Vicente Guaita,2021,0.0,0.0,2655.0,35.428516670431286,Goalkeeper,30,2022-05-22,2022-06-15,1500000
184573,Victor Lindelöf,2021,0.0,2.0,2354.0,27.912961936247836,Defender,28,2022-05-22,2022-06-15,22000000
139208,Virgil van Dijk,2021,3.0,4.0,3060.0,30.938349178970135,Defender,34,2022-05-10,2022-06-15,55000000
404842,Vitaliy Mykolenko,2021,1.0,0.0,1056.0,23.047701184829258,Defender,13,2022-05-19,2022-06-15,18000000
270171,Vitaly Janelt,2021,4.0,0.0,2308.0,24.099057475512843,Midfield,31,2022-05-22,2022-06-15,14000000
157672,Vladimír Coufal,2021,0.0,4.0,2211.0,29.81306939909786,Defender,28,2022-05-22,2022-06-15,12000000
475411,Wesley Fofana,2021,0.0,0.0,630.0,21.492570004859786,Defender,7,2022-05-22,2022-06-15,40000000
274839,Wilfred Ndidi,2021,0.0,0.0,1619.0,25.49539004907698,Midfield,19,2022-03-13,2022-06-15,60000000
145988,Wilfried Zaha,2021,14.0,1.0,2762.0,29.594036838538777,Attack,33,2022-05-22,2022-06-15,38000000
207014,Will Hughes,2021,0.0,1.0,1058.0,27.162775416332984,Midfield,16,2022-05-22,2022-06-15,6000000
192875,William Troost-Ekong,2021,0.0,0.0,1388.0,28.78635427147717,Defender,17,2022-05-07,2022-06-15,4000000
142310,Willy Boly,2021,0.0,0.0,900.0,31.362724765053354,Defender,10,2022-05-22,2022-06-15,6000000
228645,Wout Weghorst,2021,2.0,3.0,1458.0,29.854138004202685,Attack,20,2022-05-22,2022-06-15,14000000
289446,Yerry Mina,2021,0.0,0.0,847.0,27.726784259772618,Defender,13,2022-05-08,2022-06-15,20000000
388165,Yoane Wissa,2021,7.0,1.0,1273.0,25.78013237780379,Attack,30,2022-05-22,2022-06-15,12000000
249565,Youri Tielemans,2021,6.0,4.0,2634.0,25.106607254084615,Midfield,32,2022-05-22,2022-06-15,55000000
410425,Yves Bissouma,2021,1.0,2.0,2116.0,25.791084005831742,Midfield,26,2022-05-22,2022-06-15,35000000
52059,Zanka,2021,1.0,0.0,517.0,32.14576616905207,Defender,8,2022-04-10,2022-06-15,1200000
453704,Álvaro Fernández,2021,0.0,0.0,1080.0,24.172980964701534,Goalkeeper,12,2022-01-16,2022-06-15,4000000
320141,Çağlar Söyüncü,2021,1.0,0.0,2498.0,26.062136799523604,Defender,28,2022-05-01,2022-06-15,40000000
53622,İlkay Gündoğan,2021,8.0,3.0,1855.0,31.64199127976618,Midfield,27,2022-05-22,2022-06-15,25000000
92571,Aaron Cresswell,2022,0.0,1.0,2237.0,33.51198176553933,Defender,28,2023-05-28,2023-06-20,1200000
591949,Aaron Hickey,2022,0.0,1.0,1931.0,21.027125813671738,Defender,26,2023-05-28,2023-06-20,25000000
427568,Aaron Ramsdale,2022,0.0,0.0,3420.0,25.10113144007064,Goalkeeper,38,2023-05-28,2023-06-20,40000000
477758,Aaron Wan-Bissaka,2022,0.0,0.0,1436.0,25.563837724251695,Defender,19,2023-05-25,2023-06-20,25000000
127187,Abdoulaye Doucouré,2022,5.0,2.0,1530.0,30.464691266761125,Midfield,25,2023-05-28,2023-06-20,12000000
250426,Adam Armstrong,2022,2.0,1.0,1334.0,26.355092849271372,Attack,30,2023-05-28,2023-06-20,10000000
121257,Adam Forshaw,2022,0.0,0.0,476.0,31.69948732691294,Midfield,12,2023-05-28,2023-06-20,1200000
43530,Adam Lallana,2022,2.0,1.0,728.0,35.11091945762062,Midfield,16,2023-01-21,2023-06-20,1200000
61841,Adam Smith,2022,0.0,1.0,2948.0,32.14302826204508,Defender,37,2023-05-28,2023-06-20,1200000
212847,Adam Webster,2022,0.0,0.0,1987.0,28.457805430638548,Defender,27,2023-05-28,2023-06-20,25000000
204103,Adama Traoré,2022,2.0,2.0,1484.0,27.400973325940985,Attack,34,2023-05-28,2023-06-20,10000000
285845,Ainsley Maitland-Niles,2022,0.0,1.0,1404.0,25.807511447873672,Defender,22,2023-05-13,2023-06-20,8000000
381967,Albert Sambi Lokonga,2022,0.0,0.0,732.0,23.660992354394683,Midfield,15,2023-04-25,2023-06-20,15000000
811779,Alejandro Garnacho,2022,3.0,2.0,561.0,18.96821974441638,Attack,19,2023-05-28,2023-06-20,25000000
51152,Aleksandar Mitrović,2022,14.0,2.0,2016.0,28.758975201407285,Attack,24,2023-05-28,2023-06-20,28000000
242631,Alex Iwobi,2022,2.0,8.0,3382.0,27.129920532249123,Attack,38,2023-05-28,2023-06-20,28000000
95976,Alex McCarthy,2022,0.0,0.0,540.0,33.54483664962319,Goalkeeper,6,2023-05-28,2023-06-20,1200000
349066,Alexander Isak,2022,10.0,2.0,1526.0,23.745867471611326,Attack,22,2023-05-28,2023-06-20,70000000
534033,Alexis Mac Allister,2022,10.0,2.0,2886.0,24.487840270505213,Midfield,35,2023-05-28,2023-06-20,65000000
105470,Alisson,2022,0.0,1.0,3330.0,30.713840804397076,Goalkeeper,37,2023-05-20,2023-06-20,35000000
272642,Allan Saint-Maximin,2022,1.0,5.0,1117.0,26.27295563906172,Attack,25,2023-05-28,2023-06-20,32000000
485706,Amadou Onana,2022,1.0,2.0,2496.0,21.843022101754315,Midfield,33,2023-05-28,2023-06-20,45000000
203394,Andreas Pereira,2022,4.0,6.0,2718.0,27.466683094108706,Midfield,33,2023-04-30,2023-06-20,18000000
234803,Andrew Robertson,2022,0.0,8.0,2590.0,29.276439625728113,Defender,34,2023-05-20,2023-06-20,40000000
48002,Angelo Ogbonna,2022,0.0,0.0,1236.0,35.07532666652977,Defender,16,2023-05-21,2023-06-20,900000
503733,Anthony Gordon,2022,4.0,0.0,1578.0,22.316680013963325,Attack,32,2023-05-28,2023-06-20,35000000
182877,Anthony Martial,2022,6.0,2.0,980.0,27.540606583297397,Attack,21,2023-05-28,2023-06-20,15000000
349701,Antonee Robinson,2022,0.0,1.0,3089.0,25.865007495020432,Defender,35,2023-05-28,2023-06-20,15000000
602105,Antony,2022,4.0,2.0,1818.0,23.31875397852112,Attack,25,2023-05-25,2023-06-20,60000000
467563,Armel Bella-Kotchap,2022,0.0,2.0,1885.0,21.52268698193666,Defender,24,2023-05-08,2023-06-20,20000000
14086,Ashley Young,2022,1.0,0.0,2038.0,37.947391116860715,Defender,29,2023-05-20,2023-06-20,600000
176553,Aymeric Laporte,2022,0.0,0.0,993.0,29.065620786189996,Defender,12,2023-05-28,2023-06-20,25000000
316125,Ben Chilwell,2022,2.0,3.0,1408.0,26.494726106627787,Defender,23,2023-05-06,2023-06-20,35000000
192765,Ben Davies,2022,2.0,2.0,2290.0,30.155307774971423,Defender,31,2023-05-28,2023-06-20,15000000
343475,Ben Godfrey,2022,0.0,1.0,803.0,25.42694237390227,Defender,13,2023-04-27,2023-06-20,13000000
468002,Ben Johnson,2022,0.0,0.0,861.0,23.403629095737763,Defender,17,2023-05-21,2023-06-20,10000000
74810,Ben Mee,2022,3.0,2.0,3272.0,33.74470386113335,Defender,37,2023-05-28,2023-06-20,2000000
335721,Ben White,2022,2.0,5.0,3067.0,25.697995167594133,Defender,38,2023-05-28,2023-06-20,55000000
463603,Benoît Badiashile,2022,1.0,0.0,904.0,22.23454280375367,Defender,11,2023-05-13,2023-06-20,40000000
241641,Bernardo Silva,2022,4.0,6.0,2202.0,28.86027776066586,Midfield,34,2023-05-24,2023-06-20,80000000
72476,Bernd Leno,2022,0.0,0.0,3240.0,31.29427708987864,Goalkeeper,36,2023-05-28,2023-06-20,12000000
423744,Billy Gilmour,2022,0.0,1.0,507.0,22.023723964215556,Midfield,14,2023-05-24,2023-06-20,12000000
186186,Bobby De Cordova-Reid,2022,4.0,1.0,2485.0,30.377078242537493,Midfield,36,2023-05-20,2023-06-20,7000000
394327,Boubacar Kamara,2022,0.0,1.0,1781.0,23.57337933017105,Midfield,24,2023-05-28,2023-06-20,30000000
344605,Boubakary Soumaré,2022,0.0,0.0,1634.0,24.30987631505096,Midfield,26,2023-05-28,2023-06-20,20000000
393323,Brenden Aaronson,2022,1.0,3.0,2383.0,22.658918389836888,Midfield,36,2023-05-28,2023-06-20,25000000
470607,Brennan Johnson,2022,8.0,3.0,2941.0,22.075744197348335,Attack,38,2023-05-28,2023-06-20,38000000
240306,Bruno Fernandes,2022,8.0,8.0,3320.0,28.780878457463192,Midfield,37,2023-05-28,2023-06-20,75000000
520624,Bruno Guimarães,2022,4.0,5.0,2734.0,25.591216794321582,Midfield,32,2023-05-28,2023-06-20,70000000
413039,Bryan Mbeumo,2022,9.0,8.0,2928.0,23.869073286925808,Attack,38,2023-05-28,2023-06-20,35000000
433177,Bukayo Saka,2022,14.0,11.0,3194.0,21.788263961614543,Attack,38,2023-05-28,2023-06-20,120000000
123682,Callum Wilson,2022,18.0,5.0,1887.0,31.31070453192057,Attack,31,2023-05-28,2023-06-20,16000000
748319,Carlos Alcaraz,2022,4.0,2.0,1034.0,20.553467901462728,Midfield,18,2023-05-28,2023-06-20,15000000
525287,Carlos Vinícius,2022,5.0,2.0,1101.0,28.23877287007947,Attack,28,2023-05-28,2023-06-20,6000000
16306,Casemiro,2022,4.0,3.0,2127.0,31.321656159948528,Midfield,28,2023-05-28,2023-06-20,40000000
543387,Cheick Doucouré,2022,0.0,3.0,2786.0,23.447435607849577,Midfield,34,2023-05-28,2023-06-20,35000000
66934,Cheikhou Kouyaté,2022,1.0,0.0,878.0,33.4955543234974,Midfield,21,2023-05-28,2023-06-20,2000000
480987,Chris Mepham,2022,0.0,0.0,2198.0,25.621333771398454,Defender,26,2023-05-13,2023-06-20,8000000
108725,Chris Wood,2022,3.0,0.0,816.0,31.53521290649363,Attack,25,2023-03-11,2023-06-20,8000000
69633,Christian Eriksen,2022,1.0,8.0,2063.0,31.346297323011424,Midfield,28,2023-05-28,2023-06-20,22000000
148367,Christian Nørgaard,2022,1.0,4.0,1770.0,29.2791775327351,Midfield,22,2023-04-22,2023-06-20,16000000
315779,Christian Pulisic,2022,1.0,1.0,813.0,24.753417250183098,Attack,24,2023-05-28,2023-06-20,25000000
346779,Ché Adams,2022,5.0,3.0,1997.0,26.935529134752937,Attack,28,2023-05-08,2023-06-20,20000000
182904,Clément Lenglet,2022,0.0,2.0,2027.0,28.008788681492433,Defender,26,2023-05-28,2023-06-20,10000000
434675,Cody Gakpo,2022,7.0,3.0,1465.0,24.12096073156875,Attack,21,2023-05-28,2023-06-20,55000000
128901,Conor Coady,2022,1.0,1.0,2095.0,30.314106381376757,Defender,24,2023-05-28,2023-06-20,12000000
488362,Conor Gallagher,2022,3.0,1.0,1616.0,23.368036304646914,Midfield,35,2023-05-28,2023-06-20,32000000
121477,Craig Dawson,2022,1.0,0.0,2135.0,33.123198970546966,Defender,25,2023-05-20,2023-06-20,2000000
355915,Cristian Romero,2022,0.0,1.0,2365.0,25.14767585918944,Defender,27,2023-05-13,2023-06-20,60000000
8198,Cristiano Ronaldo,2022,1.0,0.0,520.0,38.347125539881034,Attack,10,2022-11-06,2023-06-12,15000000
474701,Crysencio Summerville,2022,4.0,2.0,1415.0,21.637679076230175,Attack,28,2023-05-21,2023-06-20,15000000
433188,Curtis Jones,2022,3.0,1.0,1039.0,22.385127689138038,Midfield,18,2023-05-28,2023-06-20,22000000
57500,César Azpilicueta,2022,0.0,0.0,1522.0,33.81041362930108,Defender,25,2023-05-28,2023-06-20,5000000
134270,Dan Burn,2022,1.0,0.0,3116.0,31.1135752274174,Defender,38,2023-05-28,2023-06-20,10000000
823231,Dango Ouattara,2022,1.0,3.0,1245.0,21.35293674750337,Attack,19,2023-05-28,2023-06-20,25000000
214056,Daniel Amartey,2022,0.0,0.0,1610.0,28.49613612873639,Defender,20,2023-04-08,2023-06-20,12000000
260841,Daniel Iversen,2022,0.0,0.0,1080.0,25.9197656351602,Goalkeeper,12,2023-05-28,2023-06-20,5000000
319301,Daniel James,2022,2.0,1.0,807.0,25.607644236363512,Attack,24,2023-05-28,2023-06-20,12000000
256977,Daniel Podence,2022,6.0,0.0,1770.0,27.66381239861188,Attack,32,2023-05-20,2023-06-20,20000000
808509,Danilo,2022,3.0,2.0,981.0,22.14145396551606,Midfield,13,2023-05-20,2023-06-20,28000000
134294,Danny Ings,2022,8.0,2.0,1589.0,30.908232201893263,Attack,35,2023-05-28,2023-06-20,12000000
203026,Danny Ward,2022,0.0,0.0,2340.0,29.9937712615591,Goalkeeper,26,2023-03-11,2023-06-20,6000000
67063,Danny Welbeck,2022,6.0,4.0,1856.0,32.56466594112131,Attack,31,2023-05-24,2023-06-20,7000000
546543,Darwin Núñez,2022,9.0,3.0,1698.0,23.989541195233304,Attack,29,2023-05-06,2023-06-20,65000000
262749,David Raya,2022,0.0,0.0,3420.0,27.762377050863467,Goalkeeper,38,2023-05-28,2023-06-20,30000000
59377,David de Gea,2022,0.0,0.0,3420.0,32.61668617425409,Goalkeeper,38,2023-05-28,2023-06-20,13000000
341429,Davinson Sánchez,2022,0.0,0.0,852.0,27.02040425196958,Defender,18,2023-05-28,2023-06-20,15000000
258919,Dean Henderson,2022,0.0,0.0,1620.0,26.27295563906172,Goalkeeper,18,2023-01-14,2023-06-20,18000000
357662,Declan Rice,2022,4.0,2.0,3272.0,24.430344223358453,Midfield,37,2023-05-28,2023-06-20,90000000
431755,Dejan Kulusevski,2022,2.0,7.0,2079.0,23.15174165109482,Midfield,30,2023-05-28,2023-06-20,50000000
292417,Demarai Gray,2022,4.0,1.0,2511.0,26.976597739857766,Attack,33,2023-05-28,2023-06-20,20000000
339314,Deniz Undav,2022,5.0,0.0,619.0,26.919101692711006,Attack,22,2023-05-28,2023-06-20,10000000
129588,Dennis Praet,2022,1.0,0.0,640.0,29.10121357728085,Midfield,22,2023-05-08,2023-06-20,7000000
44779,Diego Costa,2022,1.0,0.0,1247.0,34.700233406572345,Attack,23,2023-05-20,2023-06-20,2000000
246291,Diego Llorente,2022,0.0,0.0,648.0,29.82949684113979,Defender,8,2022-12-28,2023-06-15,12000000
357147,Diogo Dalot,2022,1.0,2.0,2155.0,24.257856081918177,Defender,26,2023-05-28,2023-06-20,40000000
340950,Diogo Jota,2022,7.0,4.0,1133.0,26.541270525746594,Attack,22,2023-05-28,2023-06-20,50000000
306024,Dominic Calvert-Lewin,2022,2.0,1.0,1175.0,26.262004011033763,Attack,17,2023-05-20,2023-06-20,25000000
258889,Dominic Solanke,2022,6.0,7.0,2873.0,25.763704935761858,Attack,33,2023-05-28,2023-06-20,20000000
447661,Douglas Luiz,2022,6.0,6.0,2932.0,25.11482097510558,Midfield,37,2023-05-28,2023-06-20,40000000
238266,Duje Caleta-Car,2022,1.0,0.0,944.0,26.754827272291696,Defender,13,2023-04-27,2023-06-20,11000000
584769,Dwight McNeil,2022,7.0,3.0,2499.0,23.57611723717804,Attack,36,2023-05-28,2023-06-20,20000000
479999,Eberechi Eze,2022,10.0,4.0,2645.0,24.975187717749165,Midfield,38,2023-05-28,2023-06-20,40000000
340324,Eddie Nketiah,2022,4.0,2.0,1071.0,24.057988870408018,Attack,30,2023-05-28,2023-06-20,25000000
238223,Ederson,2022,0.0,1.0,3150.0,29.840448469167743,Goalkeeper,35,2023-05-28,2023-06-20,40000000
442531,Edouard Mendy,2022,0.0,0.0,855.0,31.302490810899606,Goalkeeper,10,2023-05-13,2023-06-20,12000000
181778,Emerson,2022,1.0,0.0,1322.0,28.879443109714778,Defender,22,2023-05-28,2023-06-20,12000000
476344,Emerson Royal,2022,2.0,1.0,1736.0,24.430344223358453,Defender,26,2023-05-28,2023-06-20,20000000
321247,Emiliano Buendía,2022,5.0,2.0,2422.0,26.483774478599834,Attack,38,2023-05-28,2023-06-20,28000000
111873,Emiliano Martínez,2022,0.0,0.0,3140.0,30.79597801460673,Goalkeeper,36,2023-05-28,2023-06-20,28000000
448854,Emmanuel Dennis,2022,2.0,2.0,716.0,25.59395470132857,Attack,19,2023-05-28,2023-06-20,8000000
648195,Enzo Fernández,2022,0.0,2.0,1551.0,22.420720480228887,Midfield,18,2023-05-28,2023-06-20,80000000
175722,Eric Dier,2022,2.0,1.0,2816.0,29.427024511112478,Defender,33,2023-05-06,2023-06-20,18000000
418560,Erling Haaland,2022,36.0,8.0,2777.0,22.91354374148682,Attack,35,2023-05-24,2023-06-20,180000000
442248,Ethan Pinnock,2022,3.0,0.0,2700.0,30.059481029726825,Defender,30,2023-05-28,2023-06-20,14000000
648046,Evan Ferguson,2022,6.0,2.0,950.0,18.667049973647643,Attack,19,2023-05-28,2023-06-20,30000000
413403,Ezri Konsa,2022,0.0,0.0,3323.0,25.656926562489303,Defender,38,2023-05-28,2023-06-20,25000000
135343,Fabian Schär,2022,1.0,3.0,3210.0,31.49962011540278,Defender,36,2023-05-28,2023-06-20,10000000
225693,Fabinho,2022,0.0,2.0,2677.0,29.657008699699514,Midfield,36,2023-05-28,2023-06-20,42000000
983989,Facundo Buonanotte,2022,1.0,1.0,562.0,18.48908601819339,Midfield,13,2023-05-28,2023-06-20,12000000
156501,Felipe,2022,0.0,1.0,1419.0,34.09515595802789,Defender,16,2023-05-20,2023-06-20,2000000
506189,Flynn Downes,2022,0.0,0.0,757.0,24.413916781316523,Midfield,21,2023-05-28,2023-06-20,9000000
421637,Frank Onyeka,2022,0.0,2.0,843.0,25.46527307200011,Midfield,21,2023-05-28,2023-06-20,8000000
52570,Fraser Forster,2022,0.0,0.0,1215.0,35.258766435998,Goalkeeper,14,2023-05-28,2023-06-20,1500000
191614,Fred,2022,2.0,2.0,1233.0,30.29220312532085,Midfield,35,2023-05-28,2023-06-20,20000000
537598,Fábio Vieira,2022,1.0,2.0,501.0,23.055914905850223,Midfield,22,2023-05-28,2023-06-20,25000000
435338,Gabriel,2022,3.0,0.0,3411.0,25.500865863090958,Defender,38,2023-05-28,2023-06-20,55000000
363205,Gabriel Jesus,2022,11.0,7.0,2075.0,26.212721684907972,Attack,26,2023-05-28,2023-06-20,75000000
655488,Gabriel Martinelli,2022,15.0,5.0,2805.0,22.004558615166637,Attack,36,2023-05-14,2023-06-20,80000000
585550,Gavin Bazunu,2022,0.0,0.0,2880.0,21.328295584440475,Goalkeeper,32,2023-04-21,2023-06-20,15000000
315867,Gianluca Scamacca,2022,3.0,0.0,928.0,24.465937014449302,Attack,16,2023-01-14,2023-06-20,22000000
225122,Gonçalo Guedes,2022,1.0,1.0,709.0,26.544008432753582,Attack,13,2022-12-26,2023-06-16,23000000
111455,Granit Xhaka,2022,7.0,7.0,3004.0,30.727530339432022,Midfield,37,2023-05-28,2023-06-20,20000000
217111,Hakim Ziyech,2022,0.0,3.0,653.0,30.25387242722301,Attack,18,2023-05-25,2023-06-20,16000000
226973,Harrison Reed,2022,3.0,4.0,2879.0,28.39483356947781,Midfield,37,2023-05-28,2023-06-20,18000000
132098,Harry Kane,2022,30.0,3.0,3408.0,29.895206609307515,Attack,38,2023-05-28,2023-06-20,90000000
177907,Harry Maguire,2022,0.0,0.0,762.0,30.29220312532085,Defender,16,2023-05-28,2023-06-20,20000000
298091,Harry Souttar,2022,0.0,1.0,991.0,24.66032841194549,Defender,12,2023-05-22,2023-06-20,15000000
198516,Harry Toffolo,2022,0.0,0.0,935.0,27.836300540052157,Defender,19,2023-05-28,2023-06-20,3500000
279455,Harry Wilson,2022,2.0,5.0,1097.0,26.245576568991833,Attack,29,2023-05-28,2023-06-20,16000000
398065,Harvey Barnes,2022,13.0,1.0,2718.0,25.528244933160845,Attack,34,2023-05-28,2023-06-20,35000000
565822,Harvey Elliott,2022,1.0,2.0,1611.0,20.211229525589165,Midfield,32,2023-05-28,2023-06-20,35000000
292246,Hee-chan Hwang,2022,3.0,1.0,1127.0,27.398235418933996,Attack,27,2023-05-28,2023-06-20,12000000
91845,Heung-min Son,2022,10.0,6.0,2899.0,30.94930080699809,Attack,36,2023-05-28,2023-06-20,50000000
698678,Hugo Bueno,2022,0.0,1.0,1315.0,20.753335112972888,Defender,21,2023-05-28,2023-06-20,6000000
17965,Hugo Lloris,2022,0.0,0.0,2205.0,36.48261086812187,Goalkeeper,25,2023-04-23,2023-06-20,3000000
413032,Ibrahima Diallo,2022,0.0,0.0,816.0,24.28523515198806,Midfield,18,2023-04-21,2023-06-20,7000000
357119,Ibrahima Konaté,2022,0.0,0.0,1551.0,24.07167840544296,Defender,18,2023-05-20,2023-06-20,38000000
126665,Idrissa Gueye,2022,0.0,1.0,2593.0,33.73101432609841,Midfield,33,2023-05-28,2023-06-20,5000000
542586,Illan Meslier,2022,0.0,0.0,3060.0,23.2995886294722,Goalkeeper,34,2023-04-30,2023-06-20,20000000
272622,Issa Diop,2022,1.0,0.0,2009.0,26.442705873495008,Defender,25,2023-05-28,2023-06-20,18000000
42460,Ivan Perišić,2022,1.0,8.0,2111.0,34.3771603797477,Attack,34,2023-05-20,2023-06-20,7000000
251664,Ivan Toney,2022,20.0,4.0,2955.0,27.26134006858457,Attack,33,2023-05-06,2023-06-20,35000000
61644,Jack Colback,2022,0.0,0.0,494.0,33.654352929902736,Midfield,11,2023-03-05,2023-06-20,600000
203460,Jack Grealish,2022,5.0,7.0,2063.0,27.77606658589841,Attack,28,2023-05-14,2023-06-20,75000000
417346,Jack Harrison,2022,5.0,7.0,2727.0,26.57960122384443,Attack,36,2023-05-28,2023-06-20,22000000
163744,Jack Stephens,2022,0.0,0.0,1218.0,29.394169627028617,Defender,17,2023-04-23,2023-06-20,3500000
199527,Jacob Murphy,2022,4.0,2.0,1243.0,28.318172173282132,Attack,36,2023-05-28,2023-06-20,15000000
503749,Jacob Ramsey,2022,6.0,7.0,2646.0,22.062054662313393,Midfield,35,2023-05-28,2023-06-20,42000000
401173,Jadon Sancho,2022,6.0,3.0,1700.0,23.236616768311464,Attack,26,2023-05-28,2023-06-20,45000000
684210,Jaidon Anthony,2022,3.0,1.0,1247.0,23.551476074115143,Attack,30,2023-05-28,2023-06-20,9000000
505219,James Garner,2022,0.0,1.0,796.0,22.270135594844522,Midfield,16,2023-05-28,2023-06-20,14000000
413220,James Justin,2022,0.0,1.0,1254.0,25.320164000629717,Defender,14,2022-11-05,2023-06-20,20000000
294057,James Maddison,2022,10.0,9.0,2486.0,26.571387502823466,Midfield,30,2023-05-28,2023-06-20,60000000
3333,James Milner,2022,0.0,1.0,893.0,37.45730576260977,Midfield,31,2023-05-28,2023-06-20,1500000
173504,James Tarkowski,2022,1.0,1.0,3420.0,30.58242126806163,Defender,38,2023-05-28,2023-06-20,18000000
181579,James Ward-Prowse,2022,9.0,4.0,3372.0,28.633031479085812,Midfield,38,2023-05-28,2023-06-20,38000000
197838,Jamie Vardy,2022,3.0,4.0,1852.0,36.438804356010046,Attack,37,2023-05-28,2023-06-20,2500000
243028,Jan Bednarek,2022,0.0,0.0,1773.0,27.18741657939588,Defender,23,2023-05-28,2023-06-20,14000000
314875,Jarrod Bowen,2022,6.0,6.0,3237.0,26.497464013634776,Attack,38,2023-05-28,2023-06-20,38000000
73564,Jason Steele,2022,0.0,1.0,1350.0,32.83845664182016,Goalkeeper,15,2023-05-28,2023-06-20,4000000
420002,Jean-Philippe Mateta,2022,2.0,0.0,754.0,25.97726168230696,Attack,29,2023-05-28,2023-06-20,7000000
262980,Jefferson Lerma,2022,5.0,0.0,3255.0,28.65219682813473,Midfield,37,2023-05-28,2023-06-20,20000000
157506,Jeffrey Schlupp,2022,3.0,1.0,2547.0,30.48933242982402,Midfield,34,2023-05-06,2023-06-20,7000000
141660,Jesse Lingard,2022,0.0,0.0,927.0,30.511235685879928,Midfield,17,2023-04-16,2023-06-20,8000000
260827,Joachim Andersen,2022,1.0,0.0,2783.0,27.053259136053445,Defender,32,2023-05-28,2023-06-20,30000000
468198,Joe Aribo,2022,2.0,0.0,1229.0,26.91362587869703,Midfield,21,2023-05-21,2023-06-20,11000000
256178,Joe Gomez,2022,0.0,0.0,1461.0,26.075826334558545,Defender,21,2023-05-28,2023-06-20,22000000
183293,Joe Rothwell,2022,0.0,1.0,1016.0,28.43864008158963,Midfield,20,2023-05-13,2023-06-20,4000000
340329,Joe Willock,2022,3.0,6.0,2578.0,23.83348049583496,Midfield,35,2023-05-18,2023-06-20,38000000
415970,Joe Worrall,2022,1.0,0.0,2216.0,26.439967966488016,Defender,30,2023-05-28,2023-06-20,12000000
82105,Joel Matip,2022,1.0,0.0,1093.0,31.86649965433924,Defender,14,2023-05-28,2023-06-20,12000000
92572,Joel Ward,2022,1.0,0.0,2255.0,33.640663394867794,Defender,28,2023-05-28,2023-06-20,1200000
333241,Joelinton,2022,6.0,2.0,2663.0,26.847916110529304,Midfield,32,2023-05-18,2023-06-20,42000000
193116,John McGinn,2022,1.0,3.0,2698.0,28.671362177183653,Midfield,34,2023-05-28,2023-06-20,27000000
186590,John Stones,2022,2.0,2.0,1848.0,29.062882879183007,Defender,23,2023-05-24,2023-06-20,40000000
71292,Jonjo Shelvey,2022,0.0,0.0,576.0,31.31070453192057,Midfield,11,2023-04-08,2023-06-20,5000000
42412,Jonny Evans,2022,0.0,0.0,1053.0,35.46137155451515,Defender,13,2023-05-28,2023-06-20,2000000
175446,Jonny Otto,2022,1.0,0.0,1262.0,29.29834288178402,Defender,18,2023-03-18,2023-06-20,13000000
108354,Jordan Ayew,2022,4.0,3.0,2722.0,31.77341081610163,Attack,38,2023-05-28,2023-06-20,5000000
61651,Jordan Henderson,2022,0.0,2.0,2072.0,33.008206876253446,Midfield,35,2023-05-28,2023-06-20,10000000
130164,Jordan Pickford,2022,0.0,1.0,3330.0,29.287391253756066,Goalkeeper,37,2023-05-28,2023-06-20,22000000
633530,Jordan Zemura,2022,0.0,1.0,1456.0,23.598020493233946,Defender,19,2023-03-04,2023-06-20,6000000
102017,Jorginho,2022,2.0,1.0,2134.0,31.49962011540278,Midfield,32,2023-05-28,2023-06-20,25000000
340321,Josh Dasilva,2022,4.0,2.0,1383.0,24.6575905049385,Midfield,36,2023-05-28,2023-06-20,16000000
249994,José Sá,2022,0.0,0.0,3240.0,30.420884754649308,Goalkeeper,36,2023-05-28,2023-06-20,18000000
182712,João Cancelo,2022,2.0,1.0,1278.0,29.071096600203973,Defender,17,2023-01-14,2023-06-22,50000000
462250,João Félix,2022,4.0,0.0,942.0,23.6089721212619,Attack,16,2023-05-28,2023-06-20,50000000
735570,João Gomes,2022,1.0,0.0,651.0,22.34953489804719,Midfield,11,2023-05-28,2023-06-20,18000000
29364,João Moutinho,2022,0.0,2.0,1783.0,36.78104273188361,Midfield,31,2023-05-06,2023-06-20,1500000
257455,João Palhinha,2022,3.0,0.0,3113.0,27.948554727338685,Midfield,35,2023-05-28,2023-06-20,40000000
111195,Joël Veltman,2022,1.0,1.0,2193.0,31.42843453322108,Defender,31,2023-05-28,2023-06-20,10000000
660867,Julio Enciso,2022,4.0,2.0,800.0,19.40628486553454,Midfield,20,2023-05-28,2023-06-20,22000000
576024,Julián Alvarez,2022,9.0,1.0,1454.0,23.384463746688844,Attack,31,2023-05-28,2023-06-20,60000000
374139,Junior Firpo,2022,1.0,1.0,1367.0,26.826012854473397,Defender,19,2023-05-28,2023-06-20,10000000
309400,Kai Havertz,2022,7.0,1.0,2579.0,24.025133986324153,Attack,35,2023-05-28,2023-06-20,55000000
93128,Kalidou Koulibaly,2022,2.0,1.0,1800.0,32.000657097681675,Defender,23,2023-05-21,2023-06-20,15000000
746695,Kamaldeen Sulemana,2022,2.0,1.0,967.0,21.341985119475417,Attack,18,2023-05-28,2023-06-20,22000000
504849,Kaoru Mitoma,2022,7.0,6.0,2318.0,26.08404005557951,Attack,33,2023-05-28,2023-06-20,32000000
295330,Kelechi Iheanacho,2022,5.0,5.0,1121.0,26.71102076017988,Attack,28,2023-05-28,2023-06-20,18000000
206746,Kenny Tete,2022,1.0,5.0,2575.0,27.696667282695742,Defender,31,2023-05-28,2023-06-20,15000000
192279,Kepa Arrizabalaga,2022,0.0,0.0,2565.0,28.71243078228848,Goalkeeper,29,2023-05-28,2023-06-20,18000000
88755,Kevin De Bruyne,2022,7.0,18.0,2425.0,31.978753841625768,Midfield,32,2023-05-24,2023-06-20,70000000
473050,Kevin Schade,2022,0.0,1.0,729.0,21.561017680034496,Attack,18,2023-05-28,2023-06-20,25000000
79422,Keylor Navas,2022,0.0,0.0,1530.0,36.51272784519874,Goalkeeper,17,2023-05-20,2023-06-20,4000000
275590,Kieffer Moore,2022,4.0,0.0,1274.0,30.864425689781445,Attack,27,2023-05-28,2023-06-20,4000000
300716,Kieran Tierney,2022,0.0,1.0,777.0,26.040233543467696,Defender,27,2023-05-28,2023-06-20,25000000
95810,Kieran Trippier,2022,1.0,7.0,3348.0,32.75084361759653,Defender,38,2023-05-28,2023-06-20,11000000
475188,Kiernan Dewsbury-Hall,2022,2.0,2.0,2316.0,24.78627213426696,Midfield,31,2023-05-28,2023-06-20,25000000
338070,Konstantinos Tsimikas,2022,0.0,4.0,767.0,27.105279369186224,Defender,20,2023-05-28,2023-06-20,18000000
328658,Kristoffer Ajer,2022,0.0,0.0,766.0,25.17505492925933,Defender,9,2023-02-11,2023-06-20,16000000
157509,Kurt Zouma,2022,2.0,0.0,1990.0,28.646721014120754,Defender,25,2023-05-21,2023-06-20,22000000
95424,Kyle Walker,2022,0.0,0.0,1956.0,33.062965016393214,Defender,27,2023-05-28,2023-06-20,13000000
341051,Kyle Walker-Peters,2022,1.0,0.0,2653.0,26.185342614838085,Defender,31,2023-05-28,2023-06-20,25000000
168157,Leander Dendoncker,2022,0.0,0.0,902.0,28.18127682293271,Midfield,24,2023-05-20,2023-06-20,15000000
144028,Leandro Trossard,2022,8.0,13.0,2257.0,28.54268054785519,Attack,36,2023-05-28,2023-06-20,35000000
387626,Leon Bailey,2022,4.0,4.0,1984.0,25.862269588013444,Attack,33,2023-05-28,2023-06-20,28000000
614258,Levi Colwill,2022,0.0,2.0,1220.0,20.31253208484774,Defender,17,2023-05-28,2023-06-20,30000000
249089,Lewis Cook,2022,0.0,2.0,1715.0,26.374258198320295,Midfield,28,2023-05-20,2023-06-20,10000000
148153,Lewis Dunk,2022,1.0,0.0,3240.0,31.579019418605448,Defender,36,2023-05-21,2023-06-20,16000000
670858,Lewis Hall,2022,0.0,0.0,658.0,18.779304160934174,Defender,9,2023-05-28,2023-06-20,10000000
75067,Liam Cooper,2022,1.0,0.0,1427.0,31.80626570018549,Defender,18,2023-05-28,2023-06-20,3000000
480762,Lisandro Martínez,2022,1.0,0.0,2117.0,25.418728652881306,Defender,27,2023-04-08,2023-06-20,50000000
480116,Lloyd Kelly,2022,0.0,2.0,2041.0,24.704134924057303,Defender,23,2023-05-28,2023-06-20,18000000
126664,Lucas Digne,2022,1.0,0.0,1500.0,29.91710986536342,Defender,28,2023-05-28,2023-06-20,15000000
444523,Lucas Paquetá,2022,4.0,3.0,2172.0,25.81298726188765,Midfield,28,2023-05-28,2023-06-20,45000000
480692,Luis Díaz,2022,4.0,2.0,997.0,26.43175424546705,Attack,17,2023-05-28,2023-06-20,75000000
512385,Luis Sinisterra,2022,5.0,0.0,876.0,24.008706544282223,Attack,19,2023-04-25,2023-06-20,22000000
74300,Luka Milivojevic,2022,0.0,0.0,504.0,32.20326221619882,Midfield,18,2023-04-29,2023-06-20,2000000
29692,Lukasz Fabianski,2022,0.0,0.0,3113.0,38.17189949143377,Goalkeeper,36,2023-05-28,2023-06-20,900000
67420,Luke Ayling,2022,2.0,1.0,2049.0,31.819955235220434,Defender,29,2023-05-28,2023-06-20,1800000
183288,Luke Shaw,2022,1.0,2.0,2556.0,27.94034100631772,Defender,31,2023-05-25,2023-06-20,42000000
505194,Luke Thomas,2022,0.0,0.0,1071.0,22.026461871222544,Defender,17,2023-05-28,2023-06-20,12000000
379807,Lyanco,2022,1.0,1.0,1175.0,26.37973401233427,Defender,21,2023-05-28,2023-06-20,3500000
391005,Mads Roerslev,2022,0.0,0.0,1102.0,23.989541195233304,Defender,20,2023-05-28,2023-06-20,6000000
396638,Manor Solomon,2022,4.0,0.0,563.0,23.90740398502365,Attack,19,2023-05-28,2023-06-20,18000000
284730,Manuel Akanji,2022,0.0,1.0,2286.0,27.9211756572688,Defender,29,2023-05-21,2023-06-20,38000000
284857,Marc Cucurella,2022,0.0,2.0,1678.0,24.912215856588432,Defender,24,2023-04-08,2023-06-20,35000000
392757,Marc Guéhi,2022,1.0,0.0,3330.0,22.935446997542726,Defender,37,2023-05-28,2023-06-20,35000000
336869,Marc Roca,2022,1.0,2.0,2330.0,26.5631737818025,Midfield,32,2023-05-21,2023-06-20,10000000
106987,Marcel Sabitzer,2022,0.0,1.0,627.0,29.26001218368618,Midfield,11,2023-05-07,2023-06-20,20000000
469781,Marcos Senesi,2022,2.0,0.0,2495.0,26.111419125649398,Defender,31,2023-05-28,2023-06-20,22000000
258923,Marcus Rashford,2022,17.0,5.0,2891.0,25.635023306433396,Attack,35,2023-05-28,2023-06-20,80000000
399434,Marcus Tavernier,2022,5.0,4.0,1749.0,24.246904453890224,Midfield,23,2023-04-27,2023-06-20,17000000
170934,Mario Lemina,2022,0.0,1.0,1303.0,29.799379864062917,Midfield,19,2023-05-28,2023-06-20,10000000
357658,Mark Travers,2022,0.0,0.0,1035.0,24.09084375449188,Goalkeeper,12,2023-05-28,2023-06-20,2000000
316264,Martin Ødegaard,2022,15.0,8.0,3150.0,24.507005619554132,Midfield,37,2023-05-28,2023-06-20,90000000
348623,Mason Holgate,2022,0.0,0.0,509.0,26.659000527047098,Defender,8,2023-05-20,2023-06-20,9000000
346483,Mason Mount,2022,3.0,2.0,1655.0,24.441295851386407,Midfield,24,2023-04-15,2023-06-20,60000000
51471,Mateo Kovacic,2022,1.0,2.0,1705.0,29.123116833336756,Midfield,27,2023-05-28,2023-06-20,38000000
517894,Matheus Cunha,2022,2.0,0.0,972.0,24.066202591428983,Attack,17,2023-05-20,2023-06-20,25000000
601883,Matheus Nunes,2022,1.0,1.0,2478.0,24.813651204336843,Defender,34,2023-05-28,2023-06-20,45000000
319859,Mathias Jensen,2022,5.0,6.0,2831.0,27.466683094108706,Midfield,37,2023-05-20,2023-06-20,22000000
171679,Matt Doherty,2022,1.0,0.0,668.0,31.406531277165172,Defender,12,2023-01-15,2023-06-13,5000000
250478,Matt Targett,2022,0.0,0.0,603.0,27.754163329842502,Defender,17,2023-05-28,2023-06-20,13000000
425334,Matty Cash,2022,0.0,1.0,1821.0,25.86774540202742,Defender,26,2023-05-28,2023-06-20,25000000
439072,Matías Viña,2022,2.0,0.0,455.0,25.6103821433705,Defender,12,2023-05-28,2023-06-20,8000000
525247,Maximilian Kilman,2022,0.0,0.0,3308.0,26.075826334558545,Defender,37,2023-05-28,2023-06-20,30000000
263361,Maximilian Wöber,2022,0.0,0.0,1265.0,25.3721842337625,Defender,16,2023-05-28,2023-06-20,14000000
118534,Michael Keane,2022,1.0,2.0,983.0,30.437312196691238,Defender,12,2023-05-20,2023-06-20,10000000
566723,Michael Olise,2022,2.0,11.0,2756.0,21.51994907492967,Attack,37,2023-05-28,2023-06-20,38000000
104124,Michail Antonio,2022,5.0,3.0,1838.0,33.22997734381951,Attack,33,2023-05-28,2023-06-20,7000000
272999,Miguel Almirón,2022,11.0,2.0,2508.0,29.35583892893078,Attack,34,2023-05-28,2023-06-20,32000000
540941,Mikkel Damsgaard,2022,0.0,0.0,979.0,22.962826067612614,Midfield,26,2023-05-28,2023-06-20,13000000
186644,Mohamed Elyounoussi,2022,1.0,1.0,2179.0,28.87670520270779,Attack,33,2023-05-28,2023-06-20,9000000
148455,Mohamed Salah,2022,19.0,12.0,3297.0,31.012272668158825,Attack,38,2023-05-28,2023-06-20,65000000
563963,Mohammed Salisu,2022,0.0,1.0,1973.0,24.175718871708522,Defender,22,2023-03-18,2023-06-20,18000000
687626,Moisés Caicedo,2022,1.0,1.0,3141.0,21.62946535520921,Midfield,37,2023-05-28,2023-06-20,75000000
429014,Morgan Gibbs-White,2022,5.0,8.0,3159.0,23.395415374716798,Midfield,37,2023-05-28,2023-06-20,40000000
485424,Moussa Djenepo,2022,0.0,2.0,705.0,25.013518415847006,Attack,16,2023-05-13,2023-06-20,8000000
291200,Moussa Niakhaté,2022,0.0,0.0,1166.0,27.283243324640477,Defender,14,2023-05-28,2023-06-20,18000000
537860,Mykhaylo Mudryk,2022,0.0,2.0,655.0,22.45357536431275,Attack,15,2023-05-25,2023-06-20,50000000
225083,N'Golo Kanté,2022,0.0,1.0,520.0,32.227903379261726,Midfield,7,2023-05-06,2023-06-20,15000000
111051,Nampalys Mendy,2022,1.0,0.0,751.0,30.99036941210292,Midfield,19,2023-05-28,2023-06-20,2500000
177476,Nathan Aké,2022,1.0,0.0,1877.0,28.334599615324066,Defender,26,2023-05-28,2023-06-20,42000000
469050,Nathan Collins,2022,0.0,0.0,1812.0,22.138716058509072,Defender,26,2023-05-28,2023-06-20,22000000
424015,Nathan Patterson,2022,0.0,0.0,1277.0,21.676009774328016,Defender,19,2023-05-20,2023-06-20,16000000
85177,Nathaniel Clyne,2022,0.0,0.0,1643.0,32.2087380302128,Defender,22,2023-04-09,2023-06-20,2000000
361914,Nayef Aguerd,2022,2.0,0.0,1595.0,27.223009370486732,Defender,18,2023-05-28,2023-06-20,35000000
217115,Neal Maupay,2022,1.0,0.0,1115.0,26.847916110529304,Attack,27,2023-05-20,2023-06-20,10000000
503680,Neco Williams,2022,1.0,0.0,1876.0,22.185260477627878,Defender,31,2023-04-26,2023-06-20,20000000
111422,Neeskens Kebano,2022,0.0,3.0,766.0,31.27784964783671,Attack,17,2023-05-13,2023-06-20,2000000
111819,Neto,2022,0.0,0.0,2385.0,33.919929909580624,Goalkeeper,27,2023-05-20,2023-06-20,2500000
192080,Nick Pope,2022,0.0,0.0,3262.0,31.16833336755717,Goalkeeper,37,2023-05-22,2023-06-20,20000000
503987,Noni Madueke,2022,1.0,0.0,646.0,21.27901325831468,Attack,12,2023-05-28,2023-06-20,30000000
231572,Nélson Semedo,2022,0.0,1.0,2635.0,29.59129893153179,Defender,36,2023-05-28,2023-06-20,15000000
344152,Odsonne Édouard,2022,5.0,2.0,1806.0,25.424204466895283,Attack,35,2023-05-28,2023-06-20,15000000
203853,Oleksandr Zinchenko,2022,1.0,2.0,2136.0,26.511153548669718,Defender,27,2023-05-07,2023-06-20,42000000
406638,Oliver Skipp,2022,1.0,0.0,1496.0,22.757483042088474,Midfield,23,2023-05-28,2023-06-20,15000000
324358,Ollie Watkins,2022,15.0,6.0,3136.0,27.472158908122687,Attack,37,2023-05-28,2023-06-20,40000000
289592,Orel Mangala,2022,1.0,1.0,1555.0,25.257192139468984,Midfield,27,2023-05-28,2023-06-20,16000000
357885,Pablo Fornals,2022,3.0,1.0,1503.0,27.324311929745306,Midfield,32,2023-05-28,2023-06-20,22000000
74230,Pablo Sarabia,2022,1.0,0.0,770.0,31.108099413403423,Midfield,13,2023-05-20,2023-06-20,14000000
82873,Pascal Groß,2022,9.0,8.0,3246.0,32.01434663271662,Midfield,37,2023-05-28,2023-06-20,8000000
410708,Pascal Struijk,2022,2.0,1.0,2203.0,23.858121658897854,Defender,29,2023-05-28,2023-06-20,18000000
183334,Patrick Bamford,2022,4.0,2.0,1523.0,29.788428236034964,Attack,28,2023-05-21,2023-06-20,9000000
365172,Patson Daka,2022,4.0,4.0,1179.0,24.695921203036338,Attack,30,2023-05-22,2023-06-20,18000000
487465,Pedro Neto,2022,0.0,1.0,970.0,23.28042328042328,Attack,18,2023-05-13,2023-06-20,28000000
553875,Pedro Porro,2022,3.0,3.0,1136.0,23.767770727667234,Defender,15,2023-05-28,2023-06-20,40000000
349599,Pervis Estupiñán,2022,1.0,6.0,2684.0,25.410514931860337,Defender,35,2023-05-28,2023-06-20,32000000
406635,Phil Foden,2022,11.0,5.0,1842.0,23.0613907198642,Midfield,32,2023-05-28,2023-06-20,110000000
320411,Philip Billing,2022,7.0,1.0,2787.0,27.02314215897657,Midfield,36,2023-05-28,2023-06-20,20000000
80444,Philippe Coutinho,2022,1.0,0.0,781.0,31.02048638917979,Midfield,20,2023-02-18,2023-06-20,10000000
58864,Pierre-Emerick Aubameyang,2022,1.0,0.0,551.0,34.004805026797264,Attack,15,2023-05-02,2023-06-20,4000000
167799,Pierre-Emile Højbjerg,2022,4.0,5.0,3133.0,27.874631238149995,Midfield,35,2023-05-13,2023-06-20,45000000
125314,Pontus Jansson,2022,1.0,0.0,724.0,32.348371287569215,Defender,12,2023-04-08,2023-06-20,2500000
134425,Raheem Sterling,2022,6.0,3.0,1902.0,28.531728919827238,Attack,28,2023-05-28,2023-06-20,55000000
164770,Raphaël Varane,2022,0.0,0.0,1917.0,30.152569867964434,Defender,24,2023-05-25,2023-06-20,35000000
369684,Rasmus Nissen Kristensen,2022,3.0,1.0,1961.0,25.94166889121611,Defender,26,2023-05-28,2023-06-20,13000000
578391,Rayan Aït-Nouri,2022,1.0,0.0,1070.0,22.037413499250498,Defender,21,2023-05-28,2023-06-20,22000000
206040,Raúl Jiménez,2022,0.0,1.0,841.0,32.12660082000315,Attack,15,2023-05-28,2023-06-20,6000000
472423,Reece James,2022,1.0,1.0,1244.0,23.53231072506622,Defender,16,2023-04-15,2023-06-20,65000000
148252,Remo Freuler,2022,0.0,0.0,2165.0,31.179284995585125,Midfield,28,2023-04-22,2023-06-20,8000000
476352,Renan Lodi,2022,0.0,1.0,2220.0,25.199696092322224,Defender,28,2023-05-28,2023-06-20,20000000
215876,Ricardo Pereira,2022,1.0,1.0,453.0,29.70355311881832,Defender,10,2023-05-28,2023-06-20,10000000
378710,Richarlison,2022,1.0,4.0,1006.0,26.111419125649398,Attack,27,2023-05-28,2023-06-20,48000000
339556,Rico Henry,2022,0.0,2.0,3246.0,25.949882612237076,Defender,37,2023-05-28,2023-06-20,28000000
701057,Rico Lewis,2022,0.0,0.0,903.0,18.576699042417022,Defender,14,2023-05-28,2023-06-20,20000000
171424,Riyad Mahrez,2022,5.0,10.0,1924.0,32.32646803151331,Attack,30,2023-05-28,2023-06-20,20000000
253341,Rob Holding,2022,1.0,0.0,562.0,27.748687515828525,Defender,14,2023-05-02,2023-06-20,8000000
403151,Robert Sánchez,2022,0.0,0.0,2070.0,25.5857409803076,Goalkeeper,23,2023-04-15,2023-06-20,22000000
131789,Roberto Firmino,2022,11.0,4.0,1212.0,31.71591476895487,Attack,25,2023-05-28,2023-06-20,18000000
328784,Robin Koch,2022,0.0,0.0,3177.0,26.924577506724983,Defender,36,2023-05-28,2023-06-20,18000000
357565,Rodri,2022,2.0,6.0,2921.0,26.993025181899696,Midfield,36,2023-05-24,2023-06-20,90000000
131505,Rodrigo,2022,13.0,1.0,1943.0,32.29087524042246,Attack,31,2023-05-28,2023-06-20,6000000
354362,Rodrigo Bentancur,2022,5.0,2.0,1506.0,25.985475403327925,Midfield,18,2023-02-11,2023-06-20,40000000
318523,Romain Perraud,2022,2.0,2.0,1837.0,25.741801679705947,Defender,29,2023-04-27,2023-06-20,12000000
628451,Roméo Lavia,2022,1.0,0.0,2231.0,19.452829284653347,Midfield,29,2023-05-28,2023-06-20,32000000
202886,Ruben Loftus-Cheek,2022,0.0,1.0,1542.0,27.40644913995496,Midfield,25,2023-05-28,2023-06-20,25000000
188077,Ryan Christie,2022,1.0,1.0,1841.0,28.323647987296113,Midfield,32,2023-05-28,2023-06-20,10000000
140191,Ryan Fredericks,2022,0.0,0.0,531.0,30.69193754834117,Defender,12,2023-03-11,2023-06-20,1500000
392775,Ryan Sessegnon,2022,2.0,0.0,811.0,23.088769789934084,Defender,17,2023-02-05,2023-06-20,18000000
425902,Ryan Yates,2022,0.0,2.0,1839.0,25.577527259286637,Midfield,26,2023-05-28,2023-06-20,11000000
258004,Rúben Dias,2022,0.0,0.0,1998.0,26.10046749762144,Defender,26,2023-05-14,2023-06-20,80000000
225161,Rúben Neves,2022,6.0,1.0,3023.0,26.27021773205473,Midfield,35,2023-05-28,2023-06-20,40000000
110864,Sam Johnstone,2022,0.0,0.0,810.0,30.237444985181078,Goalkeeper,9,2023-05-28,2023-06-20,6000000
680806,Samuel Edozie,2022,0.0,0.0,559.0,20.391931388050406,Attack,17,2023-05-08,2023-06-20,8000000
290532,Saïd Benrahma,2022,6.0,3.0,2071.0,27.860941703115053,Attack,35,2023-05-28,2023-06-20,25000000
255906,Scott McKenna,2022,0.0,0.0,1573.0,26.60150447990034,Defender,20,2023-04-22,2023-06-20,10000000
315969,Scott McTominay,2022,1.0,0.0,1151.0,26.53031889771864,Midfield,24,2023-05-28,2023-06-20,25000000
346707,Sean Longstaff,2022,1.0,4.0,2516.0,25.637761213440385,Midfield,33,2023-05-22,2023-06-20,25000000
127032,Serge Aurier,2022,1.0,0.0,1949.0,30.486594522817033,Defender,24,2023-05-28,2023-06-20,8000000
533916,Shandon Baptiste,2022,0.0,1.0,603.0,25.199696092322224,Midfield,23,2023-05-28,2023-06-20,3000000
209212,Solly March,2022,7.0,7.0,2728.0,28.917773807812615,Attack,33,2023-05-08,2023-06-20,22000000
864799,Stefan Bajcetic,2022,1.0,0.0,529.0,18.658836252626678,Midfield,11,2023-03-11,2023-06-20,13000000
90836,Steve Cook,2022,0.0,0.0,959.0,32.17040733211496,Defender,12,2022-11-05,2023-06-20,1800000
130765,Stuart Armstrong,2022,2.0,1.0,1405.0,31.22309150769694,Midfield,32,2023-05-28,2023-06-20,4500000
361093,Sven Botman,2022,0.0,0.0,3129.0,23.436483979821624,Defender,36,2023-05-28,2023-06-20,45000000
68390,Séamus Coleman,2022,1.0,0.0,1663.0,34.68928177854439,Defender,23,2023-05-01,2023-06-20,1000000
557612,Sékou Mara,2022,1.0,2.0,542.0,20.890230463322315,Attack,22,2023-05-13,2023-06-20,10000000
295313,Taiwo Awoniyi,2022,10.0,1.0,1411.0,25.85405586699248,Attack,27,2023-05-28,2023-06-20,25000000
331560,Takehiro Tomiyasu,2022,0.0,1.0,653.0,24.621997713847648,Defender,21,2023-03-12,2023-06-20,25000000
371256,Tetê,2022,1.0,0.0,738.0,23.343395141584015,Attack,13,2023-05-15,2023-06-20,25000000
33713,Theo Walcott,2022,2.0,2.0,1133.0,34.26216828545419,Attack,20,2023-05-28,2023-06-20,1000000
60444,Thiago Alcántara,2022,0.0,0.0,1256.0,32.19231058817087,Midfield,18,2023-04-26,2023-06-20,15000000
29241,Thiago Silva,2022,0.0,2.0,2352.0,38.741384148887384,Defender,27,2023-05-28,2023-06-20,2000000
228948,Thilo Kehrer,2022,0.0,2.0,2230.0,26.743875644263742,Defender,27,2023-05-28,2023-06-20,18000000
230784,Thomas Partey,2022,3.0,0.0,2486.0,30.018412424621996,Midfield,33,2023-05-28,2023-06-20,35000000
145466,Tim Ream,2022,1.0,0.0,2900.0,35.707783185144116,Defender,33,2023-04-30,2023-06-20,1000000
262226,Timothy Castagne,2022,2.0,3.0,3257.0,27.540606583297397,Defender,37,2023-05-28,2023-06-20,25000000
123275,Tom Cairney,2022,2.0,0.0,972.0,32.41408105573694,Midfield,33,2023-05-28,2023-06-20,2000000
314210,Tom Davies,2022,0.0,0.0,527.0,24.972449810742177,Midfield,19,2023-04-15,2023-06-20,9000000
283628,Tomáš Souček,2022,2.0,3.0,2819.0,28.309958452261167,Midfield,36,2023-05-21,2023-06-20,35000000
258878,Tosin Adarabioyo,2022,1.0,0.0,2084.0,25.73632586569197,Defender,25,2023-05-28,2023-06-20,16000000
606718,Toti,2022,1.0,0.0,981.0,24.424868409344477,Defender,17,2023-05-28,2023-06-20,6000000
314353,Trent Alexander-Arnold,2022,2.0,9.0,2931.0,24.701397017050315,Defender,37,2023-05-28,2023-06-20,65000000
346314,Trevoh Chalobah,2022,0.0,0.0,1603.0,23.95942421815643,Defender,25,2023-05-28,2023-06-20,18000000
332705,Tyler Adams,2022,0.0,0.0,2157.0,24.34546910614181,Midfield,24,2023-03-11,2023-06-20,18000000
339340,Tyrell Malacia,2022,0.0,0.0,1393.0,23.841694216855924,Defender,22,2023-05-28,2023-06-20,22000000
730893,Tyrick Mitchell,2022,0.0,2.0,2896.0,23.800625611751098,Defender,36,2023-05-28,2023-06-20,22000000
253677,Tyrone Mings,2022,1.0,2.0,3150.0,30.27029986926494,Defender,35,2023-05-28,2023-06-20,22000000
64399,Vicente Guaita,2022,0.0,0.0,2430.0,36.441542263017034,Goalkeeper,27,2023-04-01,2023-06-20,1000000
564529,Victor Kristiansen,2022,0.0,1.0,894.0,20.50966138935091,Defender,12,2023-05-08,2023-06-20,12000000
184573,Victor Lindelöf,2022,0.0,0.0,1360.0,28.925987528833584,Defender,20,2023-05-28,2023-06-20,18000000
139208,Virgil van Dijk,2022,3.0,1.0,2835.0,31.951374771555884,Defender,32,2023-05-20,2023-06-20,35000000
404842,Vitaliy Mykolenko,2022,0.0,0.0,2655.0,24.060726777415006,Defender,34,2023-05-08,2023-06-20,25000000
270171,Vitaly Janelt,2022,3.0,1.0,2210.0,25.112083068098592,Midfield,35,2023-05-28,2023-06-20,20000000
157672,Vladimír Coufal,2022,0.0,1.0,2139.0,30.826094991683608,Defender,27,2023-05-28,2023-06-20,9000000
475411,Wesley Fofana,2022,1.0,0.0,1367.0,22.50559559744553,Defender,17,2023-05-28,2023-06-20,55000000
332697,Weston McKennie,2022,0.0,1.0,1441.0,24.810913297329854,Midfield,19,2023-05-28,2023-06-20,18000000
274839,Wilfred Ndidi,2022,0.0,0.0,1682.0,26.50841564166273,Midfield,27,2023-05-22,2023-06-20,25000000
627626,Wilfried Gnonto,2022,2.0,4.0,1351.0,19.622579519086635,Attack,24,2023-05-28,2023-06-20,18000000
145988,Wilfried Zaha,2022,7.0,2.0,2294.0,30.607062431124525,Attack,27,2023-05-13,2023-06-20,22000000
207014,Will Hughes,2022,1.0,1.0,828.0,28.175801008918732,Midfield,27,2023-05-28,2023-06-20,5000000
495666,William Saliba,2022,2.0,1.0,2416.0,22.240018617767646,Defender,27,2023-03-12,2023-06-20,65000000
52769,Willian,2022,5.0,6.0,2144.0,34.86176991998467,Attack,27,2023-05-28,2023-06-20,3000000
142310,Willy Boly,2022,0.0,1.0,687.0,32.3757503576391,Defender,11,2023-05-28,2023-06-20,2500000
292808,Wout Faes,2022,1.0,2.0,2787.0,25.213385627357166,Defender,31,2023-05-28,2023-06-20,20000000
228645,Wout Weghorst,2022,0.0,1.0,797.0,30.867163596788433,Attack,17,2023-05-28,2023-06-20,12000000
289446,Yerry Mina,2022,2.0,0.0,596.0,28.739809852358363,Defender,7,2023-05-28,2023-06-20,10000000
388165,Yoane Wissa,2022,7.0,3.0,1600.0,26.793157970389537,Attack,38,2023-05-28,2023-06-20,18000000
249565,Youri Tielemans,2022,3.0,2.0,2351.0,26.119632846670363,Midfield,31,2023-05-28,2023-06-20,25000000
410425,Yves Bissouma,2022,0.0,0.0,1004.0,26.80410959841749,Midfield,23,2023-05-28,2023-06-20,18000000
52059,Zanka,2022,0.0,0.0,1099.0,33.158791761637815,Defender,18,2023-05-28,2023-06-20,1500000
193098,Álex Moreno,2022,0.0,3.0,1335.0,30.03210195965694,Defender,19,2023-05-20,2023-06-20,15000000
320141,Çağlar Söyüncü,2022,1.0,0.0,529.0,27.075162392109352,Defender,7,2023-05-08,2023-06-20,15000000
53622,İlkay Gündoğan,2022,8.0,5.0,2359.0,32.65501687235193,Midfield,31,2023-05-24,2023-06-20,20000000
591949,Aaron Hickey,2023,0.0,0.0,720.0,21.963490010061808,Defender,9,2023-10-28,2024-05-27,28000000
427568,Aaron Ramsdale,2023,0.0,0.0,540.0,26.037495636460708,Goalkeeper,6,2024-03-09,2024-05-27,25000000
646658,Aaron Ramsey,2023,0.0,0.0,526.0,21.347460933489394,Midfield,14,2024-02-17,2024-05-27,15000000
477758,Aaron Wan-Bissaka,2023,0.0,2.0,1782.0,26.500201920641764,Defender,22,2024-05-19,2024-05-27,20000000
127187,Abdoulaye Doucouré,2023,7.0,2.0,2642.0,31.401055463151195,Midfield,32,2024-05-19,2024-05-27,10000000
43530,Adam Lallana,2023,0.0,1.0,846.0,36.04728365401069,Midfield,25,2024-05-19,2024-05-27,1000000
61841,Adam Smith,2023,0.0,2.0,2157.0,33.07939245843515,Defender,28,2024-05-11,2024-05-27,1000000
212847,Adam Webster,2023,0.0,0.0,1143.0,29.394169627028617,Defender,15,2024-05-19,2024-05-27,20000000
744149,Adam Wharton,2023,0.0,3.0,1305.0,20.304318363826773,Midfield,16,2024-05-19,2024-05-27,30000000
381967,Albert Sambi Lokonga,2023,1.0,3.0,1310.0,24.597356550784752,Midfield,17,2024-05-19,2024-05-27,15000000
811779,Alejandro Garnacho,2023,7.0,4.0,2576.0,19.90458394080645,Attack,36,2024-05-19,2024-05-27,45000000
242631,Alex Iwobi,2023,5.0,2.0,2346.0,28.066284728639193,Attack,32,2024-05-19,2024-05-27,25000000
855256,Alex Scott,2023,1.0,1.0,1010.0,20.76702464800783,Midfield,23,2024-05-19,2024-05-27,20000000
349066,Alexander Isak,2023,21.0,2.0,2266.0,24.682231668001396,Attack,30,2024-05-19,2024-05-27,75000000
534033,Alexis Mac Allister,2023,5.0,5.0,2612.0,25.424204466895283,Midfield,33,2024-05-19,2024-05-27,75000000
608175,Alfie Doughty,2023,2.0,8.0,2937.0,24.43308213036544,Midfield,37,2024-05-19,2024-05-27,10000000
105470,Alisson,2023,0.0,0.0,2520.0,31.650205000787146,Goalkeeper,28,2024-05-19,2024-05-27,28000000
120629,Alphonse Areola,2023,0.0,0.0,2700.0,31.24499476375285,Goalkeeper,31,2024-05-19,2024-05-27,10000000
485706,Amadou Onana,2023,2.0,0.0,2090.0,22.779386298144384,Midfield,30,2024-05-19,2024-05-27,50000000
278166,Amari'i Bell,2023,0.0,0.0,1723.0,30.062218936733814,Defender,21,2024-03-02,2024-05-27,2500000
620598,Ameen Al-Dakhil,2023,1.0,0.0,1055.0,22.226329082732704,Defender,13,2024-01-31,2024-05-27,12000000
746739,Andre Brooks,2023,0.0,0.0,942.0,20.769762555014818,Midfield,20,2024-05-19,2024-05-27,2500000
203394,Andreas Pereira,2023,3.0,7.0,2639.0,28.403047290498776,Midfield,37,2024-05-11,2024-05-27,20000000
621993,Andrew Omobamidele,2023,0.0,0.0,782.0,21.92789721897096,Defender,11,2024-04-28,2024-05-27,11000000
234803,Andrew Robertson,2023,3.0,2.0,1692.0,30.212803822118182,Defender,23,2024-05-19,2024-05-27,30000000
61842,Andros Townsend,2023,1.0,3.0,1209.0,32.86583571189004,Attack,27,2024-05-19,2024-05-27,1800000
221025,André Gomes,2023,1.0,0.0,504.0,30.826094991683608,Midfield,12,2024-05-11,2024-05-27,10000000
234509,André Onana,2023,0.0,0.0,3420.0,28.151159845855837,Goalkeeper,38,2024-05-19,2024-05-27,35000000
377468,Anel Ahmedhodzic,2023,2.0,0.0,2650.0,25.17231702225234,Defender,31,2024-05-19,2024-05-27,18000000
48002,Angelo Ogbonna,2023,0.0,0.0,634.0,36.01169086291984,Defender,11,2024-05-11,2024-05-27,700000
466810,Ansu Fati,2023,2.0,0.0,511.0,21.57196930806245,Attack,19,2024-05-19,2024-05-27,25000000
583189,Anthony Elanga,2023,5.0,9.0,2434.0,22.0839579183693,Attack,36,2024-05-19,2024-05-27,22000000
503733,Anthony Gordon,2023,11.0,10.0,2906.0,23.253044210353394,Attack,35,2024-05-15,2024-05-27,60000000
583255,Antoine Semenyo,2023,8.0,2.0,2113.0,24.386537711246635,Attack,33,2024-05-19,2024-05-27,10000000
349701,Antonee Robinson,2023,0.0,6.0,3270.0,26.801371691410502,Defender,37,2024-05-19,2024-05-27,25000000
602105,Antony,2023,1.0,1.0,1323.0,24.25511817491119,Attack,29,2024-05-12,2024-05-27,25000000
371021,Arijanet Murić,2023,0.0,0.0,900.0,25.55288609622374,Goalkeeper,10,2024-05-19,2024-05-27,7000000
571743,Armando Broja,2023,1.0,2.0,534.0,22.71093862296967,Attack,21,2024-05-11,2024-05-27,22000000
355861,Arnaut Danjuma,2023,1.0,0.0,589.0,27.31883611573133,Attack,14,2024-01-30,2024-05-27,13000000
14086,Ashley Young,2023,0.0,0.0,2290.0,38.88375531325079,Defender,31,2024-05-19,2024-05-27,500000
389253,Auston Trusty,2023,0.0,0.0,2572.0,25.791084005831742,Defender,32,2024-05-19,2024-05-27,7000000
386047,Axel Disasi,2023,2.0,0.0,2581.0,26.212721684907972,Defender,31,2024-05-05,2024-05-27,40000000
565093,Bart Verbruggen,2023,0.0,0.0,1890.0,21.7745744265796,Goalkeeper,21,2024-05-15,2024-05-27,18000000
426192,Ben Brereton Díaz,2023,6.0,1.0,1110.0,25.109345161091603,Attack,14,2024-05-19,2024-05-27,8000000
316125,Ben Chilwell,2023,0.0,1.0,757.0,27.431090303017857,Defender,13,2024-04-15,2024-05-27,28000000
192765,Ben Davies,2023,1.0,0.0,1086.0,31.091671971361492,Defender,17,2024-04-28,2024-05-27,10000000
343475,Ben Godfrey,2023,0.0,0.0,1123.0,26.36330657029234,Defender,15,2024-05-03,2024-05-27,10000000
468002,Ben Johnson,2023,0.0,0.0,539.0,24.339993292127833,Defender,14,2024-04-21,2024-05-27,8000000
74810,Ben Mee,2023,2.0,0.0,1276.0,34.681068057523426,Defender,16,2024-02-26,2024-05-27,1000000
218087,Ben Osborn,2023,0.0,2.0,1363.0,29.81033149209087,Midfield,24,2024-05-19,2024-05-27,1000000
335721,Ben White,2023,4.0,4.0,2995.0,26.634359363984203,Defender,37,2024-05-19,2024-05-27,55000000
463603,Benoît Badiashile,2023,0.0,1.0,1338.0,23.17090700014374,Defender,18,2024-05-19,2024-05-27,30000000
241641,Bernardo Silva,2023,6.0,9.0,2582.0,29.79664195705593,Midfield,33,2024-05-19,2024-05-27,70000000
72476,Bernd Leno,2023,0.0,0.0,3420.0,32.230641286268714,Goalkeeper,38,2024-05-19,2024-05-27,13000000
595809,Beto,2023,3.0,0.0,941.0,26.319500058180523,Attack,30,2024-05-19,2024-05-27,20000000
423744,Billy Gilmour,2023,0.0,1.0,2126.0,22.960088160605626,Midfield,30,2024-05-19,2024-05-27,18000000
186186,Bobby De Cordova-Reid,2023,6.0,2.0,1423.0,31.313442438927563,Midfield,33,2024-05-19,2024-05-27,5000000
394327,Boubacar Kamara,2023,0.0,1.0,1661.0,24.50974352656112,Midfield,20,2024-02-11,2024-05-27,38000000
649020,Boubacar Traoré,2023,0.0,0.0,803.0,22.768434670116427,Midfield,24,2024-05-19,2024-05-27,6000000
470607,Brennan Johnson,2023,5.0,10.0,2333.0,23.012108393738405,Attack,35,2024-05-19,2024-05-27,48000000
240306,Bruno Fernandes,2023,10.0,8.0,3120.0,29.717242653853262,Midfield,35,2024-05-19,2024-05-27,70000000
520624,Bruno Guimarães,2023,7.0,8.0,3269.0,26.527580990711648,Midfield,37,2024-05-19,2024-05-27,85000000
413039,Bryan Mbeumo,2023,9.0,6.0,1961.0,24.805437483315878,Attack,25,2024-05-19,2024-05-27,40000000
433177,Bukayo Saka,2023,16.0,9.0,2936.0,22.724628158004613,Attack,35,2024-05-12,2024-05-27,140000000
392768,Callum Hudson-Odoi,2023,8.0,1.0,1857.0,23.551476074115143,Attack,29,2024-05-19,2024-05-27,18000000
123682,Callum Wilson,2023,9.0,1.0,985.0,32.247068728310644,Attack,20,2024-05-19,2024-05-27,13000000
461883,Calvin Bassey,2023,1.0,0.0,2300.0,24.405703060295558,Defender,29,2024-05-19,2024-05-27,16000000
533662,Cameron Archer,2023,4.0,1.0,1840.0,22.464526992340705,Attack,30,2024-05-19,2024-05-27,13000000
340918,Caoimhín Kelleher,2023,0.0,0.0,900.0,25.509079584111927,Goalkeeper,10,2024-04-07,2024-05-27,20000000
973085,Carlos Baleba,2023,0.0,0.0,1320.0,20.397407202064382,Midfield,27,2024-05-19,2024-05-27,22000000
246963,Carlton Morris,2023,11.0,4.0,2868.0,28.446853802610594,Attack,38,2024-05-19,2024-05-27,13000000
16306,Casemiro,2023,1.0,2.0,1985.0,32.2580203563386,Midfield,25,2024-05-19,2024-05-27,20000000
195633,Charlie Taylor,2023,1.0,1.0,2332.0,30.68919964133418,Defender,28,2024-05-19,2024-05-27,3000000
543387,Cheick Doucouré,2023,0.0,0.0,922.0,24.383799804239647,Midfield,11,2023-11-25,2024-05-27,35000000
392591,Chiedozie Ogbene,2023,4.0,1.0,1992.0,27.072424485102363,Attack,30,2024-05-19,2024-05-27,8000000
480987,Chris Mepham,2023,0.0,1.0,613.0,26.557697967788524,Defender,10,2024-03-30,2024-05-27,6000000
578539,Chris Richards,2023,1.0,1.0,2091.0,24.16476724368057,Defender,26,2024-05-19,2024-05-27,12000000
108725,Chris Wood,2023,14.0,1.0,1807.0,32.4715771028837,Attack,31,2024-05-19,2024-05-27,7000000
69633,Christian Eriksen,2023,1.0,2.0,1140.0,32.28266151940149,Midfield,22,2024-05-19,2024-05-27,8000000
148367,Christian Nørgaard,2023,2.0,1.0,2514.0,30.21554172912517,Midfield,31,2024-05-19,2024-05-27,18000000
182904,Clément Lenglet,2023,0.0,1.0,1155.0,28.945152877882503,Defender,14,2024-05-19,2024-05-27,10000000
434675,Cody Gakpo,2023,8.0,5.0,1646.0,25.05732492795882,Attack,35,2024-05-19,2024-05-27,50000000
568177,Cole Palmer,2023,22.0,11.0,2628.0,22.059316755306405,Midfield,34,2024-05-19,2024-05-27,80000000
214666,Connor Roberts,2023,0.0,0.0,819.0,28.668624270176664,Defender,14,2024-01-31,2024-05-24,7000000
624258,Conor Bradley,2023,1.0,3.0,760.0,20.884754649308334,Defender,11,2024-05-19,2024-05-27,15000000
488362,Conor Gallagher,2023,5.0,7.0,3136.0,24.30440050103698,Midfield,37,2024-05-19,2024-05-27,50000000
121477,Craig Dawson,2023,1.0,1.0,2211.0,34.05956316693703,Defender,25,2024-03-02,2024-05-27,2000000
355915,Cristian Romero,2023,5.0,0.0,2792.0,26.08404005557951,Defender,33,2024-05-19,2024-05-27,60000000
433188,Curtis Jones,2023,1.0,1.0,1166.0,23.321491885528108,Midfield,23,2024-05-19,2024-05-27,35000000
387191,Daiki Hashioka,2023,0.0,0.0,595.0,25.029945857888936,Defender,10,2024-05-19,2024-05-27,2000000
134270,Dan Burn,2023,2.0,2.0,2732.0,32.04993942380747,Defender,33,2024-05-19,2024-05-27,8000000
823231,Dango Ouattara,2023,1.0,2.0,1220.0,22.28930094389344,Attack,30,2024-05-19,2024-05-27,20000000
493003,Daniel Muñoz,2023,0.0,4.0,1440.0,28.003312867478456,Defender,16,2024-05-19,2024-05-27,18000000
808509,Danilo,2023,2.0,2.0,1797.0,23.07781816190613,Midfield,29,2024-05-19,2024-05-27,28000000
67063,Danny Welbeck,2023,5.0,1.0,1703.0,33.50103013751138,Attack,29,2024-05-19,2024-05-27,5000000
401320,Dara O'Shea,2023,3.0,4.0,2895.0,25.232550976406085,Defender,33,2024-05-19,2024-05-27,7000000
546543,Darwin Núñez,2023,11.0,8.0,2045.0,24.925905391623374,Attack,36,2024-05-19,2024-05-27,70000000
787232,David Datro Fofana,2023,4.0,1.0,879.0,21.42959814369905,Attack,15,2024-05-11,2024-05-27,12000000
262749,David Raya,2023,0.0,0.0,2880.0,28.698741247253537,Goalkeeper,32,2024-05-19,2024-05-27,35000000
258919,Dean Henderson,2023,0.0,0.0,1620.0,27.209319835451787,Goalkeeper,18,2024-05-19,2024-05-27,12000000
357662,Declan Rice,2023,7.0,9.0,3231.0,25.366708419748523,Midfield,38,2024-05-19,2024-05-27,120000000
431755,Dejan Kulusevski,2023,8.0,3.0,2766.0,24.08810584748489,Midfield,36,2024-05-19,2024-05-27,55000000
556385,Destiny Udogie,2023,2.0,3.0,2398.0,21.495307911866774,Defender,28,2024-04-13,2024-05-27,45000000
329145,Diego Carlos,2023,0.0,0.0,1811.0,31.20118825164103,Defender,27,2024-05-19,2024-05-27,16000000
357147,Diogo Dalot,2023,2.0,3.0,3174.0,25.194220278308247,Defender,36,2024-05-19,2024-05-27,35000000
340950,Diogo Jota,2023,10.0,3.0,1151.0,27.477634722136663,Attack,21,2024-04-21,2024-05-27,50000000
148368,Divock Origi,2023,0.0,1.0,600.0,29.109427298301814,Attack,20,2024-04-21,2024-05-27,5000000
465555,Djordje Petrovic,2023,0.0,0.0,1986.0,24.63568724888259,Goalkeeper,23,2024-05-19,2024-05-27,20000000
306024,Dominic Calvert-Lewin,2023,7.0,2.0,2186.0,27.198368207423833,Attack,32,2024-05-19,2024-05-27,22000000
258889,Dominic Solanke,2023,19.0,3.0,3333.0,26.700069132151928,Attack,38,2024-05-19,2024-05-27,40000000
451276,Dominik Szoboszlai,2023,3.0,2.0,2111.0,23.587068865205993,Midfield,33,2024-05-19,2024-05-27,75000000
447661,Douglas Luiz,2023,9.0,5.0,3002.0,26.05118517149565,Midfield,35,2024-05-19,2024-05-27,70000000
584769,Dwight McNeil,2023,3.0,6.0,2898.0,24.51248143356811,Attack,35,2024-05-19,2024-05-27,22000000
479999,Eberechi Eze,2023,11.0,4.0,2066.0,25.911551914139235,Midfield,27,2024-05-19,2024-05-27,55000000
340324,Eddie Nketiah,2023,5.0,2.0,1072.0,24.994353066798087,Attack,27,2024-04-14,2024-05-27,30000000
238223,Ederson,2023,0.0,0.0,2788.0,30.776812665557813,Goalkeeper,33,2024-05-14,2024-05-27,35000000
401356,Edson Álvarez,2023,1.0,1.0,2383.0,26.590552851872385,Midfield,31,2024-05-19,2024-05-27,35000000
319900,Elijah Adebayo,2023,10.0,0.0,1416.0,26.385209826348248,Attack,27,2024-05-19,2024-05-27,12000000
567576,Elliot Anderson,2023,0.0,2.0,1024.0,21.55554186602052,Midfield,21,2024-05-19,2024-05-27,15000000
181778,Emerson,2023,1.0,2.0,3143.0,29.815807306104848,Defender,36,2024-05-19,2024-05-27,12000000
476344,Emerson Royal,2023,1.0,0.0,1155.0,25.366708419748523,Defender,22,2024-05-19,2024-05-27,18000000
184528,Emil Krafth,2023,0.0,0.0,910.0,29.818545213111836,Defender,17,2024-05-19,2024-05-27,2500000
111873,Emiliano Martínez,2023,0.0,0.0,3015.0,31.7323422109968,Goalkeeper,34,2024-05-13,2024-05-27,28000000
648195,Enzo Fernández,2023,3.0,2.0,2215.0,23.357084676618957,Midfield,28,2024-04-23,2024-05-27,75000000
418560,Erling Haaland,2023,27.0,4.0,2558.0,23.84990793787689,Attack,31,2024-05-19,2024-05-27,180000000
442248,Ethan Pinnock,2023,2.0,0.0,2521.0,30.995845226116895,Defender,29,2024-05-19,2024-05-27,12000000
648046,Evan Ferguson,2023,6.0,0.0,1365.0,19.603414170037713,Attack,27,2024-03-31,2024-05-27,50000000
413403,Ezri Konsa,2023,1.0,0.0,3074.0,26.593290758879373,Defender,35,2024-05-19,2024-05-27,35000000
135343,Fabian Schär,2023,4.0,1.0,3056.0,32.43598431179285,Defender,36,2024-05-19,2024-05-27,10000000
983989,Facundo Buonanotte,2023,3.0,1.0,1369.0,19.42545021458346,Midfield,27,2024-05-15,2024-05-27,18000000
421637,Frank Onyeka,2023,1.0,2.0,1153.0,26.40163726839018,Midfield,26,2024-05-04,2024-05-27,9000000
435338,Gabriel,2023,4.0,0.0,3044.0,26.437230059481028,Defender,36,2024-05-19,2024-05-27,70000000
363205,Gabriel Jesus,2023,4.0,5.0,1483.0,27.149085881298042,Attack,27,2024-05-19,2024-05-27,65000000
655488,Gabriel Martinelli,2023,6.0,4.0,2029.0,22.940922811556707,Attack,35,2024-05-19,2024-05-27,70000000
364409,Gabriel Osho,2023,2.0,0.0,1848.0,25.785608191817765,Defender,21,2024-05-19,2024-05-27,3000000
146690,George Baldock,2023,0.0,1.0,970.0,31.217615693682962,Defender,13,2024-03-09,2024-05-27,2500000
348795,Giovani Lo Celso,2023,2.0,2.0,494.0,28.131994496806914,Midfield,22,2024-05-14,2024-05-27,16000000
402733,Gonzalo Montiel,2023,0.0,2.0,802.0,27.400973325940985,Defender,14,2024-05-19,2024-05-27,10000000
286047,Guglielmo Vicario,2023,0.0,0.0,3420.0,27.636433328541994,Goalkeeper,38,2024-05-19,2024-05-27,35000000
322985,Gustavo Hamer,2023,4.0,6.0,2924.0,26.924577506724983,Midfield,36,2024-05-19,2024-05-27,15000000
338635,Hannes Delcroix,2023,0.0,0.0,585.0,25.24350260443404,Defender,12,2024-03-10,2024-05-27,4000000
226973,Harrison Reed,2023,0.0,2.0,1326.0,29.33119776586788,Midfield,27,2024-05-19,2024-05-27,15000000
177907,Harry Maguire,2023,2.0,3.0,1650.0,31.22856732171092,Defender,22,2024-04-27,2024-05-27,18000000
198516,Harry Toffolo,2023,1.0,3.0,1455.0,28.772664736442227,Defender,23,2024-05-19,2024-05-27,5000000
279455,Harry Wilson,2023,4.0,6.0,1614.0,27.181940765381903,Attack,35,2024-05-19,2024-05-27,17000000
398065,Harvey Barnes,2023,5.0,3.0,794.0,26.464609129550915,Attack,21,2024-05-19,2024-05-27,35000000
565822,Harvey Elliott,2023,3.0,6.0,1335.0,21.147593721979234,Midfield,34,2024-05-19,2024-05-27,35000000
292246,Hee-chan Hwang,2023,12.0,3.0,2124.0,28.334599615324066,Attack,29,2024-05-19,2024-05-27,25000000
91845,Heung-min Son,2023,17.0,10.0,2948.0,31.88566500338816,Attack,35,2024-05-19,2024-05-27,45000000
698678,Hugo Bueno,2023,0.0,0.0,732.0,21.689699309362958,Defender,22,2024-05-19,2024-05-27,6000000
375885,Ibrahim Sangaré,2023,0.0,0.0,1038.0,26.483774478599834,Midfield,17,2024-05-19,2024-05-27,30000000
357119,Ibrahima Konaté,2023,0.0,0.0,1573.0,25.00804260183303,Defender,22,2024-04-24,2024-05-27,45000000
126665,Idrissa Gueye,2023,4.0,0.0,1893.0,34.667378522488484,Midfield,25,2024-05-19,2024-05-27,3000000
380350,Igor Julio,2023,0.0,0.0,1636.0,26.300334709131604,Defender,24,2024-05-19,2024-05-27,17000000
659089,Ilya Zabarnyi,2023,1.0,0.0,3330.0,21.73624372848176,Defender,37,2024-05-19,2024-05-27,32000000
272622,Issa Diop,2023,0.0,0.0,1425.0,27.379070069885074,Defender,18,2024-05-11,2024-05-27,20000000
649452,Issa Kaboré,2023,0.0,2.0,1732.0,23.04222537081528,Defender,24,2024-04-20,2024-05-27,10000000
251664,Ivan Toney,2023,4.0,2.0,1449.0,28.19770426497464,Attack,17,2024-05-19,2024-05-27,50000000
226073,Ivo Grbic,2023,0.0,0.0,772.0,28.356502871379973,Goalkeeper,9,2024-04-20,2024-05-27,3500000
203460,Jack Grealish,2023,3.0,1.0,1001.0,28.71243078228848,Attack,20,2024-05-04,2024-05-27,60000000
417346,Jack Harrison,2023,3.0,3.0,2219.0,27.5159654202345,Attack,29,2024-05-03,2024-05-27,18000000
867688,Jack Hinshelwood,2023,3.0,0.0,871.0,19.127018350821714,Midfield,12,2024-02-03,2024-05-27,16000000
128909,Jack Robinson,2023,1.0,1.0,2886.0,30.735744060452987,Defender,34,2024-05-19,2024-05-27,1000000
469958,Jacob Brown,2023,2.0,0.0,1020.0,26.130584474698317,Attack,19,2024-02-03,2024-05-27,4000000
293281,Jacob Bruun Larsen,2023,6.0,0.0,1247.0,25.68704353956618,Attack,32,2024-05-19,2024-05-27,8000000
199527,Jacob Murphy,2023,3.0,7.0,1193.0,29.254536369672202,Attack,21,2024-05-19,2024-05-27,15000000
503749,Jacob Ramsey,2023,1.0,1.0,851.0,22.998418858703463,Midfield,16,2024-03-02,2024-05-27,35000000
425918,Jakub Kiwior,2023,1.0,3.0,945.0,24.279759337974085,Defender,20,2024-05-12,2024-05-27,30000000
384461,Jakub Moder,2023,0.0,0.0,613.0,25.139462138168476,Midfield,17,2024-05-19,2024-05-27,10000000
183318,Jamaal Lascelles,2023,1.0,0.0,1081.0,30.5413526629568,Defender,16,2024-03-30,2024-05-27,7000000
505219,James Garner,2023,1.0,2.0,3005.0,23.20649979123459,Midfield,37,2024-05-19,2024-05-27,22000000
294057,James Maddison,2023,4.0,9.0,2154.0,27.507751699213536,Midfield,28,2024-05-19,2024-05-27,70000000
583199,James McAtee,2023,3.0,3.0,1828.0,21.607562099153302,Midfield,31,2024-05-04,2024-05-27,12000000
3333,James Milner,2023,0.0,2.0,778.0,38.393669958999844,Midfield,15,2024-01-30,2024-05-27,1000000
173504,James Tarkowski,2023,1.0,1.0,3420.0,31.5187854644517,Defender,38,2024-05-19,2024-05-27,13000000
566799,James Trafford,2023,0.0,0.0,2520.0,21.62946535520921,Goalkeeper,28,2024-03-10,2024-05-27,18000000
181579,James Ward-Prowse,2023,7.0,7.0,3004.0,29.56939567547588,Midfield,37,2024-05-19,2024-05-27,30000000
576314,Jan Paul van Hecke,2023,0.0,0.0,2368.0,23.967637939177397,Defender,28,2024-04-25,2024-05-27,18000000
632349,Jarell Quansah,2023,2.0,0.0,1190.0,21.325557677433487,Defender,17,2024-05-19,2024-05-27,22000000
661053,Jarrad Branthwaite,2023,3.0,1.0,3117.0,21.916945590943005,Defender,35,2024-05-19,2024-05-27,42000000
314875,Jarrod Bowen,2023,16.0,6.0,3022.0,27.433828210024846,Attack,34,2024-05-11,2024-05-27,50000000
73564,Jason Steele,2023,0.0,0.0,1530.0,33.77482083821023,Goalkeeper,17,2024-05-19,2024-05-27,3500000
53360,Jay Rodríguez,2023,2.0,1.0,813.0,34.828915035900806,Attack,21,2024-05-19,2024-05-27,1000000
465717,Jayden Bogle,2023,3.0,0.0,2793.0,23.83348049583496,Defender,34,2024-05-19,2024-05-27,3800000
420002,Jean-Philippe Mateta,2023,16.0,5.0,2285.0,26.91362587869703,Attack,35,2024-05-19,2024-05-27,20000000
450050,Jean-Ricner Bellegarde,2023,2.0,1.0,957.0,25.91702772815321,Midfield,22,2024-05-19,2024-05-27,15000000
262980,Jefferson Lerma,2023,1.0,1.0,2404.0,29.5885610245248,Midfield,28,2024-05-19,2024-05-27,20000000
157506,Jeffrey Schlupp,2023,2.0,2.0,1354.0,31.42569662621409,Midfield,29,2024-05-11,2024-05-27,7000000
649317,Jhon Durán,2023,5.0,0.0,462.0,20.45490324921114,Attack,23,2024-05-19,2024-05-27,20000000
260827,Joachim Andersen,2023,2.0,3.0,3417.0,27.989623332443514,Defender,38,2024-05-19,2024-05-27,35000000
256178,Joe Gomez,2023,0.0,1.0,1776.0,27.012190530948615,Defender,32,2024-05-13,2024-05-27,28000000
82105,Joel Matip,2023,0.0,0.0,782.0,32.80286385072931,Defender,10,2023-12-03,2024-05-27,8000000
92572,Joel Ward,2023,0.0,1.0,1982.0,34.57702759125786,Defender,26,2024-05-11,2024-05-27,1000000
333241,Joelinton,2023,2.0,1.0,1282.0,27.784280306919374,Midfield,20,2024-05-19,2024-05-27,40000000
121324,John Egan,2023,0.0,0.0,484.0,31.600922674661355,Defender,6,2023-09-30,2024-05-27,4000000
193116,John McGinn,2023,6.0,4.0,3010.0,29.607726373573723,Midfield,35,2024-05-19,2024-05-27,30000000
186590,John Stones,2023,1.0,0.0,1064.0,29.999247075573077,Defender,16,2024-05-04,2024-05-27,38000000
42412,Jonny Evans,2023,0.0,1.0,1396.0,36.39773575090522,Defender,23,2024-05-19,2024-05-27,2000000
108354,Jordan Ayew,2023,4.0,7.0,2551.0,32.7097750124917,Attack,35,2024-05-19,2024-05-27,4000000
403898,Jordan Beyer,2023,0.0,1.0,1238.0,24.022396079317165,Defender,15,2023-12-30,2024-05-27,13000000
184129,Jordan Clark,2023,1.0,1.0,1306.0,30.678248013306227,Midfield,23,2024-05-19,2024-05-27,1000000
130164,Jordan Pickford,2023,0.0,0.0,3420.0,30.223755450146136,Goalkeeper,38,2024-05-19,2024-05-27,22000000
102017,Jorginho,2023,0.0,2.0,920.0,32.43598431179285,Midfield,24,2024-05-12,2024-05-27,12000000
293569,Josh Brownhill,2023,4.0,2.0,2252.0,28.43864008158963,Midfield,33,2024-05-19,2024-05-27,15000000
242606,Josh Cullen,2023,2.0,3.0,2060.0,28.13747031082089,Midfield,25,2024-05-19,2024-05-27,10000000
475959,Josko Gvardiol,2023,4.0,2.0,2329.0,22.34132117702622,Defender,28,2024-05-19,2024-05-27,75000000
249994,José Sá,2023,0.0,0.0,3038.0,31.357248951039377,Goalkeeper,35,2024-05-19,2024-05-27,14000000
735570,João Gomes,2023,2.0,1.0,2659.0,23.28589909443726,Midfield,34,2024-05-19,2024-05-27,35000000
257455,João Palhinha,2023,4.0,1.0,2709.0,28.884918923728755,Midfield,33,2024-05-19,2024-05-27,55000000
626724,João Pedro,2023,9.0,3.0,2047.0,22.667132110857853,Attack,31,2024-05-19,2024-05-27,45000000
111195,Joël Veltman,2023,1.0,1.0,1582.0,32.364798729611145,Defender,27,2024-05-11,2024-05-27,10000000
660867,Julio Enciso,2023,0.0,2.0,472.0,20.34264906192461,Midfield,12,2024-05-19,2024-05-27,22000000
576024,Julián Alvarez,2023,11.0,9.0,2659.0,24.320827943078914,Attack,36,2024-05-14,2024-05-27,90000000
330659,Justin Kluivert,2023,7.0,1.0,1935.0,25.062800741972797,Midfield,32,2024-05-19,2024-05-27,14000000
486049,Jérémy Doku,2023,3.0,10.0,1594.0,22.00182070815965,Attack,29,2024-05-19,2024-05-27,65000000
89231,Jóhann Berg Gudmundsson,2023,1.0,3.0,1192.0,33.58316734772104,Attack,26,2024-05-19,2024-05-27,1000000
309400,Kai Havertz,2023,13.0,7.0,2640.0,24.961498182714223,Attack,37,2024-05-19,2024-05-27,70000000
504849,Kaoru Mitoma,2023,3.0,4.0,1488.0,27.02040425196958,Attack,19,2024-02-18,2024-05-27,45000000
644401,Keane Lewis-Potter,2023,3.0,1.0,1441.0,23.25852002436737,Midfield,30,2024-05-11,2024-05-27,15000000
206746,Kenny Tete,2023,1.0,0.0,868.0,28.633031479085812,Defender,14,2024-05-19,2024-05-27,15000000
88755,Kevin De Bruyne,2023,4.0,10.0,1228.0,32.91511803801584,Midfield,18,2024-05-19,2024-05-27,50000000
95810,Kieran Trippier,2023,1.0,10.0,2240.0,33.687207813986596,Defender,28,2024-05-19,2024-05-27,10000000
820374,Kobbie Mainoo,2023,3.0,1.0,1940.0,19.105115094765807,Midfield,24,2024-05-19,2024-05-27,50000000
415912,Konstantinos Mavropanos,2023,1.0,0.0,1501.0,26.45913331553694,Defender,19,2024-05-19,2024-05-27,20000000
338070,Konstantinos Tsimikas,2023,0.0,3.0,677.0,28.041643565576294,Defender,13,2024-04-24,2024-05-27,22000000
328658,Kristoffer Ajer,2023,2.0,1.0,1833.0,26.111419125649398,Defender,28,2024-05-11,2024-05-27,15000000
157509,Kurt Zouma,2023,3.0,0.0,2839.0,29.583085210510824,Defender,33,2024-05-19,2024-05-27,25000000
95424,Kyle Walker,2023,0.0,4.0,2768.0,33.99932921278329,Defender,32,2024-05-19,2024-05-27,13000000
144028,Leandro Trossard,2023,12.0,1.0,1646.0,29.47904474424526,Attack,34,2024-05-19,2024-05-27,35000000
387626,Leon Bailey,2023,10.0,9.0,2076.0,26.798633784403513,Attack,35,2024-05-13,2024-05-27,42000000
614258,Levi Colwill,2023,1.0,1.0,1798.0,21.24889628123781,Defender,23,2024-03-02,2024-05-27,50000000
249089,Lewis Cook,2023,0.0,3.0,2792.0,27.310622394710364,Midfield,33,2024-05-19,2024-05-27,12000000
148153,Lewis Dunk,2023,3.0,1.0,2872.0,32.515383614995514,Defender,33,2024-05-15,2024-05-27,12000000
670858,Lewis Hall,2023,1.0,0.0,775.0,19.715668357324244,Defender,18,2024-05-19,2024-05-27,18000000
922769,Lewis Miley,2023,1.0,3.0,1208.0,18.07292415313114,Midfield,17,2024-03-11,2024-05-27,22000000
480762,Lisandro Martínez,2023,0.0,1.0,648.0,26.355092849271372,Defender,11,2024-05-19,2024-05-27,45000000
480116,Lloyd Kelly,2023,0.0,1.0,1556.0,25.640499120447373,Defender,23,2024-05-19,2024-05-27,18000000
711969,Lorenz Assignon,2023,1.0,2.0,1238.0,23.929307241079556,Defender,15,2024-05-19,2024-05-27,10000000
745461,Luca Koleosho,2023,1.0,1.0,986.0,19.696503008275325,Attack,15,2023-12-05,2024-05-27,7000000
126664,Lucas Digne,2023,1.0,3.0,2413.0,30.85347406175349,Defender,33,2024-05-19,2024-05-27,12000000
444523,Lucas Paquetá,2023,4.0,6.0,2639.0,26.74935145827772,Midfield,31,2024-05-19,2024-05-27,65000000
480692,Luis Díaz,2023,8.0,5.0,2646.0,27.36811844185712,Attack,37,2024-05-19,2024-05-27,75000000
512385,Luis Sinisterra,2023,2.0,2.0,691.0,24.945070740672293,Attack,20,2024-04-13,2024-05-27,17000000
29692,Lukasz Fabianski,2023,0.0,0.0,721.0,39.10826368782384,Goalkeeper,10,2024-04-21,2024-05-27,700000
183288,Luke Shaw,2023,0.0,0.0,963.0,28.87670520270779,Defender,12,2024-02-18,2024-05-27,32000000
505194,Luke Thomas,2023,0.0,0.0,919.0,22.95461234659165,Defender,12,2023-12-30,2024-05-24,6000000
467623,Lyle Foster,2023,5.0,3.0,1909.0,23.729440029569396,Attack,24,2024-05-19,2024-05-27,13000000
391005,Mads Roerslev,2023,1.0,2.0,1988.0,24.925905391623374,Defender,34,2024-05-19,2024-05-27,10000000
191422,Mahmoud Dahoud,2023,0.0,1.0,454.0,28.408523104512756,Midfield,9,2023-12-09,2024-05-29,6000000
620322,Malo Gusto,2023,0.0,6.0,1756.0,21.02438790666475,Defender,27,2024-05-19,2024-05-27,35000000
284730,Manuel Akanji,2023,2.0,0.0,2514.0,28.85753985365887,Defender,30,2024-05-19,2024-05-27,45000000
284857,Marc Cucurella,2023,0.0,2.0,1785.0,25.8485800529785,Defender,21,2024-05-19,2024-05-27,25000000
392757,Marc Guéhi,2023,0.0,1.0,2023.0,23.871811193932796,Defender,25,2024-05-19,2024-05-27,38000000
469781,Marcos Senesi,2023,4.0,5.0,2247.0,27.047783322039468,Defender,31,2024-05-19,2024-05-27,22000000
258923,Marcus Rashford,2023,7.0,3.0,2278.0,26.571387502823466,Attack,33,2024-05-19,2024-05-27,60000000
399434,Marcus Tavernier,2023,3.0,4.0,2133.0,25.183268650280294,Midfield,30,2024-05-19,2024-05-27,20000000
170934,Mario Lemina,2023,4.0,1.0,2975.0,30.735744060452987,Midfield,35,2024-05-19,2024-05-27,10000000
125714,Mark Flekken,2023,0.0,1.0,3285.0,30.954776621012066,Goalkeeper,37,2024-05-19,2024-05-27,12000000
74960,Martin Dúbravka,2023,0.0,0.0,1984.0,35.362806902263564,Goalkeeper,23,2024-05-15,2024-05-27,1000000
316264,Martin Ødegaard,2023,8.0,10.0,3104.0,25.4433698159442,Midfield,35,2024-05-19,2024-05-27,110000000
324882,Marvelous Nakamba,2023,0.0,0.0,1133.0,30.352437079474594,Midfield,13,2023-12-10,2024-05-27,5000000
348623,Mason Holgate,2023,0.0,0.0,714.0,27.595364723437168,Defender,10,2024-05-19,2024-05-27,5000000
346483,Mason Mount,2023,1.0,0.0,514.0,25.377660047776477,Midfield,14,2024-05-06,2024-05-27,35000000
51471,Mateo Kovacic,2023,1.0,0.0,1548.0,30.059481029726825,Midfield,30,2024-05-19,2024-05-27,30000000
517894,Matheus Cunha,2023,12.0,7.0,2454.0,25.002566787819053,Attack,32,2024-05-19,2024-05-27,45000000
601883,Matheus Nunes,2023,0.0,2.0,834.0,25.750015400726912,Defender,19,2024-05-04,2024-05-27,50000000
319859,Mathias Jensen,2023,3.0,3.0,2221.0,28.403047290498776,Midfield,32,2024-05-19,2024-05-27,28000000
171679,Matt Doherty,2023,1.0,0.0,1141.0,32.36206082260416,Defender,30,2024-05-19,2024-05-27,3000000
425306,Matt Turner,2023,0.0,0.0,1530.0,29.925323586384387,Goalkeeper,17,2024-01-30,2024-05-27,7000000
425334,Matty Cash,2023,2.0,2.0,2143.0,26.80410959841749,Defender,29,2024-05-05,2024-05-27,28000000
127202,Matz Sels,2023,0.0,0.0,1440.0,32.24980663531763,Goalkeeper,16,2024-05-19,2024-05-27,7000000
471690,Max Aarons,2023,0.0,1.0,1234.0,24.394751432267604,Defender,20,2024-05-19,2024-05-27,16000000
258885,Max Lowe,2023,0.0,1.0,500.0,27.04504541503248,Defender,10,2024-05-19,2024-05-27,2500000
842341,Maxime Estève,2023,0.0,0.0,1312.0,22.004558615166637,Defender,16,2024-05-19,2024-05-27,7000000
525247,Maximilian Kilman,2023,2.0,0.0,3420.0,27.012190530948615,Defender,38,2024-05-19,2024-05-27,32000000
566723,Michael Olise,2023,10.0,6.0,1278.0,22.45631327131974,Attack,19,2024-05-19,2024-05-27,55000000
104124,Michail Antonio,2023,6.0,2.0,1711.0,34.16634154020959,Attack,26,2024-05-19,2024-05-27,4000000
557459,Micky van de Ven,2023,3.0,0.0,2343.0,23.105197231976014,Defender,27,2024-05-19,2024-05-27,55000000
272999,Miguel Almirón,2023,3.0,1.0,1947.0,30.29220312532085,Attack,33,2024-05-19,2024-05-27,20000000
540941,Mikkel Damsgaard,2023,0.0,2.0,836.0,23.899190264002684,Midfield,23,2024-05-19,2024-05-27,10000000
730861,Milos Kerkez,2023,0.0,1.0,1976.0,20.553467901462728,Defender,28,2024-05-19,2024-05-27,20000000
148455,Mohamed Salah,2023,18.0,10.0,2536.0,31.948636864548895,Attack,32,2024-05-19,2024-05-27,55000000
543499,Mohammed Kudus,2023,8.0,6.0,2489.0,23.81705305379303,Attack,33,2024-05-19,2024-05-27,50000000
687626,Moisés Caicedo,2023,1.0,3.0,2874.0,22.56582955159928,Midfield,35,2024-05-19,2024-05-27,75000000
429014,Morgan Gibbs-White,2023,5.0,10.0,3162.0,24.331779571106868,Midfield,37,2024-05-19,2024-05-27,40000000
503743,Morgan Rogers,2023,3.0,1.0,641.0,21.837546287740338,Midfield,11,2024-05-05,2024-05-27,15000000
395516,Moussa Diaby,2023,6.0,8.0,2186.0,24.89031260053252,Attack,38,2024-05-19,2024-05-27,55000000
291200,Moussa Niakhaté,2023,1.0,0.0,1457.0,28.219607521030547,Defender,21,2024-05-19,2024-05-27,16000000
1005649,Murillo,2023,0.0,2.0,2793.0,21.897780241894083,Defender,32,2024-05-19,2024-05-27,35000000
537860,Mykhaylo Mudryk,2023,5.0,2.0,1579.0,23.38993956070282,Attack,31,2024-05-15,2024-05-27,35000000
177476,Nathan Aké,2023,2.0,2.0,2044.0,29.270963811714136,Defender,29,2024-05-19,2024-05-27,40000000
469050,Nathan Collins,2023,1.0,1.0,2650.0,23.07508025489914,Defender,32,2024-05-11,2024-05-27,25000000
424015,Nathan Patterson,2023,0.0,2.0,1000.0,22.612373970718085,Defender,20,2024-04-15,2024-05-27,15000000
85177,Nathaniel Clyne,2023,0.0,0.0,1338.0,33.14510222660287,Defender,19,2024-05-19,2024-05-27,1500000
361914,Nayef Aguerd,2023,1.0,0.0,1859.0,28.159373566876802,Defender,21,2024-04-14,2024-05-27,35000000
217115,Neal Maupay,2023,6.0,3.0,1424.0,27.784280306919374,Attack,31,2024-05-19,2024-05-27,12000000
503680,Neco Williams,2023,0.0,1.0,1634.0,23.121624674017948,Defender,26,2024-04-28,2024-05-27,17000000
111819,Neto,2023,0.0,0.0,2880.0,34.85629410597069,Goalkeeper,32,2024-05-19,2024-05-27,2500000
192080,Nick Pope,2023,0.0,0.0,1346.0,32.10469756394724,Goalkeeper,15,2024-05-19,2024-05-27,16000000
776890,Nicolas Jackson,2023,14.0,5.0,2810.0,22.935446997542726,Attack,35,2024-05-19,2024-05-27,35000000
497291,Nicolás Domínguez,2023,2.0,2.0,1503.0,25.914289821146223,Midfield,26,2024-05-11,2024-05-27,17000000
392085,Nicolò Zaniolo,2023,2.0,0.0,830.0,24.904002135567463,Attack,25,2024-05-13,2024-05-27,20000000
503987,Noni Madueke,2023,5.0,2.0,1053.0,22.21537745470475,Attack,23,2024-05-19,2024-05-27,28000000
535955,Nuno Tavares,2023,0.0,0.0,455.0,24.334517478113856,Defender,8,2024-04-13,2024-05-27,15000000
231572,Nélson Semedo,2023,0.0,1.0,3093.0,30.52766312792186,Defender,36,2024-05-19,2024-05-27,12000000
344152,Odsonne Édouard,2023,7.0,0.0,1555.0,26.360568663285353,Attack,30,2024-05-19,2024-05-27,18000000
124419,Odysseas Vlachodimos,2023,0.0,0.0,450.0,30.08686009979671,Goalkeeper,5,2023-12-06,2024-05-27,7000000
236490,Ola Aina,2023,1.0,1.0,1701.0,27.633695421535005,Defender,22,2024-05-11,2024-05-27,12000000
203853,Oleksandr Zinchenko,2023,1.0,2.0,1725.0,27.447517745059788,Defender,27,2024-05-19,2024-05-27,38000000
298477,Oli McBurnie,2023,6.0,3.0,1285.0,27.978671704415557,Attack,21,2024-04-20,2024-05-27,4500000
874066,Oliver Arblaster,2023,0.0,0.0,946.0,20.38371766702944,Midfield,12,2024-05-19,2024-05-27,450000
73547,Oliver Norwood,2023,1.0,0.0,1433.0,33.125936877553954,Midfield,27,2024-04-24,2024-05-27,1000000
406638,Oliver Skipp,2023,0.0,0.0,694.0,23.693847238478543,Midfield,21,2024-05-19,2024-05-27,15000000
324358,Ollie Watkins,2023,19.0,13.0,3226.0,28.408523104512756,Attack,37,2024-05-19,2024-05-27,65000000
289592,Orel Mangala,2023,1.0,0.0,1570.0,26.212721684907972,Midfield,20,2024-01-30,2024-06-03,20000000
74230,Pablo Sarabia,2023,4.0,7.0,1751.0,32.044463609793496,Midfield,30,2024-05-11,2024-05-27,10000000
568693,Pape Matar Sarr,2023,3.0,3.0,2085.0,21.70065093739091,Midfield,34,2024-05-19,2024-05-27,45000000
82873,Pascal Groß,2023,4.0,10.0,3114.0,32.95071082910669,Midfield,36,2024-05-19,2024-05-27,8000000
399776,Pau Torres,2023,2.0,0.0,2463.0,27.359904720836155,Defender,29,2024-05-13,2024-05-27,45000000
487465,Pedro Neto,2023,2.0,9.0,1519.0,24.216787476813348,Attack,20,2024-05-19,2024-05-27,55000000
553875,Pedro Porro,2023,3.0,7.0,3093.0,24.704134924057303,Defender,35,2024-05-19,2024-05-27,45000000
244338,Pelly Ruddock Mpanzu,2023,0.0,0.0,1093.0,30.182686845041307,Midfield,27,2024-05-19,2024-05-27,1500000
349599,Pervis Estupiñán,2023,2.0,3.0,1245.0,26.346879128250407,Defender,19,2024-04-13,2024-05-27,30000000
406635,Phil Foden,2023,19.0,8.0,2871.0,23.99775491625427,Midfield,35,2024-05-19,2024-05-27,150000000
320411,Philip Billing,2023,2.0,2.0,1393.0,27.95950635536664,Midfield,29,2024-05-19,2024-05-27,22000000
167799,Pierre-Emile Højbjerg,2023,0.0,0.0,1293.0,28.810995434540065,Midfield,36,2024-05-19,2024-05-27,18000000
134425,Raheem Sterling,2023,8.0,4.0,1983.0,29.468093116217307,Attack,31,2024-05-19,2024-05-27,35000000
164770,Raphaël Varane,2023,1.0,0.0,1371.0,31.088934064354504,Defender,22,2024-05-19,2024-05-27,20000000
610442,Rasmus Højlund,2023,10.0,2.0,2171.0,21.309130235391553,Attack,30,2024-05-19,2024-05-27,65000000
578391,Rayan Aït-Nouri,2023,2.0,1.0,2343.0,22.973777695640567,Defender,33,2024-05-19,2024-05-27,35000000
206040,Raúl Jiménez,2023,7.0,0.0,1402.0,33.062965016393214,Attack,24,2024-05-19,2024-05-27,5000000
264220,Reece Burke,2023,0.0,4.0,1664.0,27.732260073786595,Defender,22,2024-05-11,2024-05-27,1800000
378710,Richarlison,2023,11.0,4.0,1492.0,27.047783322039468,Attack,28,2024-05-05,2024-05-27,38000000
701057,Rico Lewis,2023,2.0,0.0,807.0,19.513063238807092,Defender,16,2024-05-11,2024-05-27,38000000
403151,Robert Sánchez,2023,0.0,0.0,1434.0,26.52210517669767,Goalkeeper,16,2023-12-10,2024-05-27,20000000
357565,Rodri,2023,8.0,9.0,2938.0,27.929389378289766,Midfield,34,2024-05-19,2024-05-27,120000000
354362,Rodrigo Bentancur,2023,1.0,1.0,1007.0,26.921839599717995,Midfield,23,2024-05-19,2024-05-27,35000000
735571,Rodrigo Muniz,2023,9.0,1.0,1599.0,23.064128626871188,Attack,26,2024-05-19,2024-05-27,20000000
131978,Ross Barkley,2023,5.0,4.0,2622.0,30.47564289478908,Midfield,32,2024-05-11,2024-05-27,8000000
188077,Ryan Christie,2023,0.0,5.0,2920.0,29.26001218368618,Midfield,37,2024-05-19,2024-05-27,12000000
504581,Ryan Giles,2023,0.0,0.0,501.0,24.32630375709289,Defender,11,2023-12-26,2024-05-24,4500000
478573,Ryan Gravenberch,2023,1.0,0.0,1121.0,22.03193768523652,Midfield,26,2024-05-19,2024-05-27,35000000
425902,Ryan Yates,2023,1.0,1.0,1986.0,26.513891455676706,Midfield,35,2024-05-19,2024-05-27,12000000
258004,Rúben Dias,2023,0.0,0.0,2557.0,27.03683169401151,Defender,30,2024-05-19,2024-05-27,80000000
110864,Sam Johnstone,2023,0.0,0.0,1797.0,31.173809181571148,Goalkeeper,20,2024-03-09,2024-05-27,10000000
204294,Saman Ghoddos,2023,1.0,0.0,730.0,30.722054525418045,Midfield,19,2024-05-19,2024-05-27,2000000
333014,Sander Berge,2023,1.0,2.0,3006.0,26.281169360082686,Midfield,37,2024-05-19,2024-05-27,20000000
438001,Santiago Bueno,2023,0.0,0.0,820.0,25.547410282209764,Defender,12,2024-05-19,2024-05-27,8000000
290532,Saïd Benrahma,2023,0.0,1.0,615.0,28.81647124855404,Attack,13,2024-01-02,2024-06-03,20000000
245056,Saša Lukić,2023,1.0,0.0,1120.0,27.787018213926363,Midfield,24,2024-05-04,2024-05-27,10000000
315969,Scott McTominay,2023,7.0,1.0,1892.0,27.466683094108706,Midfield,32,2024-05-19,2024-05-27,32000000
346707,Sean Longstaff,2023,6.0,2.0,2747.0,26.574125409830454,Midfield,35,2024-05-19,2024-05-27,25000000
127032,Serge Aurier,2023,0.0,2.0,834.0,31.433910347235056,Defender,12,2023-12-02,2024-05-31,3700000
282429,Sergio Reguilón,2023,0.0,4.0,1536.0,27.4447798380528,Defender,25,2024-05-19,2024-05-27,12000000
658536,Simon Adingra,2023,6.0,1.0,2232.0,22.40155513117997,Attack,31,2024-05-19,2024-05-27,30000000
287579,Sofyan Amrabat,2023,0.0,0.0,932.0,27.765114957870455,Midfield,21,2024-05-19,2024-05-27,22000000
209212,Solly March,2023,3.0,1.0,559.0,29.854138004202685,Attack,7,2023-10-21,2024-05-27,18000000
85941,Stefan Ortega,2023,0.0,0.0,632.0,31.55437825554255,Goalkeeper,9,2024-05-19,2024-05-27,9000000
361093,Sven Botman,2023,2.0,2.0,1378.0,24.372848176211694,Defender,17,2024-03-11,2024-05-27,45000000
68390,Séamus Coleman,2023,0.0,0.0,662.0,35.62564597493446,Defender,12,2024-05-19,2024-05-27,500000
344830,Tahith Chong,2023,4.0,0.0,1987.0,24.479626549484248,Midfield,33,2024-05-19,2024-05-27,6000000
295313,Taiwo Awoniyi,2023,6.0,3.0,1046.0,26.790420063382548,Attack,20,2024-05-19,2024-05-27,28000000
331560,Takehiro Tomiyasu,2023,2.0,1.0,1143.0,25.558361910237718,Defender,22,2024-05-19,2024-05-27,35000000
504148,Tariq Lamptey,2023,0.0,3.0,914.0,23.655516540380706,Defender,19,2024-05-19,2024-05-27,12000000
548470,Teden Mengi,2023,1.0,0.0,2470.0,22.075744197348335,Defender,30,2024-05-19,2024-05-27,12000000
29241,Thiago Silva,2023,3.0,1.0,2528.0,39.67774834527745,Defender,31,2024-05-19,2024-05-27,1000000
77757,Thomas Kaminski,2023,0.0,0.0,3406.0,31.59270895364039,Goalkeeper,38,2024-05-19,2024-05-27,3000000
230784,Thomas Partey,2023,0.0,0.0,789.0,30.954776621012066,Midfield,14,2024-05-19,2024-05-27,18000000
145466,Tim Ream,2023,1.0,0.0,1505.0,36.64414738153418,Defender,18,2024-05-19,2024-05-27,800000
170527,Timo Werner,2023,2.0,3.0,815.0,28.225083335044523,Attack,13,2024-04-28,2024-05-27,17000000
262226,Timothy Castagne,2023,1.0,3.0,2634.0,28.476970779687466,Defender,34,2024-05-19,2024-05-27,17000000
503981,Tino Livramento,2023,1.0,0.0,1306.0,21.53911442397859,Defender,26,2024-05-11,2024-05-27,35000000
123275,Tom Cairney,2023,1.0,4.0,1478.0,33.35044525212701,Midfield,34,2024-05-19,2024-05-27,2000000
207742,Tom Lockyer,2023,1.0,1.0,1172.0,29.48178265125225,Defender,14,2023-12-10,2024-05-27,2500000
433183,Tommy Doyle,2023,0.0,0.0,1214.0,22.609636063711097,Midfield,26,2024-05-19,2024-05-27,10000000
283628,Tomáš Souček,2023,7.0,2.0,2874.0,29.246322648651237,Midfield,37,2024-05-19,2024-05-27,30000000
258878,Tosin Adarabioyo,2023,2.0,0.0,1617.0,26.67269006208204,Defender,20,2024-04-21,2024-05-27,20000000
606718,Toti,2023,1.0,3.0,2776.0,25.361232605734546,Defender,35,2024-05-19,2024-05-27,20000000
314353,Trent Alexander-Arnold,2023,3.0,4.0,2163.0,25.637761213440385,Defender,28,2024-05-19,2024-05-27,70000000
346314,Trevoh Chalobah,2023,1.0,0.0,950.0,24.895788414546498,Defender,13,2024-05-19,2024-05-27,13000000
730893,Tyrick Mitchell,2023,2.0,3.0,3210.0,24.736989808141168,Defender,37,2024-05-19,2024-05-27,25000000
184573,Victor Lindelöf,2023,1.0,1.0,1332.0,29.862351725223654,Defender,19,2024-03-30,2024-05-27,15000000
663581,Vini Souza,2023,1.0,0.0,2672.0,24.945070740672293,Midfield,36,2024-05-19,2024-05-27,12000000
139208,Virgil van Dijk,2023,2.0,2.0,3178.0,32.88773896794595,Defender,36,2024-05-19,2024-05-27,30000000
404842,Vitaliy Mykolenko,2023,2.0,0.0,2471.0,24.997090973805076,Defender,28,2024-04-24,2024-05-27,28000000
270171,Vitaly Janelt,2023,1.0,3.0,3073.0,26.04844726448866,Midfield,38,2024-05-19,2024-05-27,22000000
468249,Vitinho,2023,0.0,2.0,2318.0,24.846506088420707,Defender,32,2024-05-19,2024-05-27,5000000
157672,Vladimír Coufal,2023,0.0,7.0,3139.0,31.762459188073677,Defender,36,2024-05-19,2024-05-27,8000000
146310,Wataru Endo,2023,1.0,0.0,1720.0,31.29427708987864,Midfield,29,2024-05-19,2024-05-27,13000000
61697,Wes Foderingham,2023,0.0,0.0,2648.0,33.36687269416894,Goalkeeper,30,2024-05-19,2024-05-27,900000
207014,Will Hughes,2023,0.0,1.0,1900.0,29.112165205308802,Midfield,30,2024-05-11,2024-05-27,9000000
609556,William Osula,2023,0.0,0.0,784.0,20.813569067126636,Attack,21,2024-04-27,2024-05-27,3000000
495666,William Saliba,2023,2.0,1.0,3420.0,23.176382814157716,Defender,38,2024-05-19,2024-05-27,80000000
52769,Willian,2023,4.0,2.0,2056.0,35.79813411637474,Attack,31,2024-05-11,2024-05-27,3000000
142310,Willy Boly,2023,2.0,1.0,1443.0,33.31211455402917,Defender,20,2024-05-19,2024-05-27,2500000
743498,Wilson Odobert,2023,3.0,3.0,2108.0,19.493897889758173,Attack,29,2024-05-19,2024-05-27,10000000
554251,Yasser Larouci,2023,0.0,0.0,533.0,23.400891188730775,Defender,11,2024-05-11,2024-05-27,3000000
717411,Yegor Yarmolyuk,2023,0.0,0.0,674.0,20.23860859565905,Midfield,27,2024-05-19,2024-05-27,10000000
388165,Yoane Wissa,2023,12.0,3.0,2508.0,27.729522166779606,Attack,34,2024-05-19,2024-05-27,28000000
249565,Youri Tielemans,2023,2.0,6.0,1621.0,27.055997043060433,Midfield,32,2024-05-13,2024-05-27,25000000
410425,Yves Bissouma,2023,0.0,0.0,2083.0,27.74047379480756,Midfield,28,2024-05-11,2024-05-27,35000000
52059,Zanka,2023,1.0,0.0,1087.0,34.09515595802789,Defender,14,2024-05-19,2024-05-27,1000000
548729,Zeki Amdouni,2023,5.0,1.0,1973.0,23.477552584926453,Attack,34,2024-05-19,2024-05-27,12000000
193098,Álex Moreno,2023,2.0,0.0,1030.0,30.968466156047008,Defender,21,2024-05-05,2024-05-27,13000000
92571,Aaron Cresswell,2024,0.0,0.0,823.0,35.45589574050118,Defender,18,2025-05-25,2025-05-30,500000
427568,Aaron Ramsdale,2024,0.0,0.0,2700.0,27.04504541503248,Goalkeeper,30,2025-05-25,2025-05-30,16000000
477758,Aaron Wan-Bissaka,2024,2.0,5.0,3155.0,27.507751699213536,Defender,36,2025-05-25,2025-05-30,24000000
127187,Abdoulaye Doucouré,2024,3.0,2.0,2577.0,32.40860524172297,Midfield,33,2025-05-25,2025-05-30,7000000
763079,Abdukodir Khusanov,2024,0.0,0.0,504.0,21.24889628123781,Defender,6,2025-03-15,2025-05-30,35000000
864121,Abdul Fatawu,2024,0.0,2.0,577.0,21.226993025181898,Attack,11,2024-11-10,2025-05-30,11000000
250426,Adam Armstrong,2024,2.0,2.0,1254.0,28.29079310321225,Attack,20,2025-01-25,2025-05-27,12000000
61841,Adam Smith,2024,0.0,0.0,1595.0,34.086942237006916,Defender,25,2025-05-25,2025-05-30,750000
212847,Adam Webster,2024,0.0,0.0,888.0,30.40171940560039,Defender,14,2025-05-25,2025-05-30,11000000
744149,Adam Wharton,2024,0.0,2.0,1327.0,21.31186814239854,Midfield,20,2025-05-05,2025-05-30,45000000
204103,Adama Traoré,2024,2.0,7.0,1770.0,29.344887300902823,Attack,36,2025-05-25,2025-05-30,9000000
811779,Alejandro Garnacho,2024,6.0,2.0,2196.0,20.91213371937822,Attack,36,2025-05-16,2025-05-30,45000000
242631,Alex Iwobi,2024,9.0,6.0,2998.0,29.07383450721096,Attack,38,2025-05-25,2025-05-30,28000000
95976,Alex McCarthy,2024,0.0,0.0,450.0,35.48875062458504,Goalkeeper,5,2025-01-25,2025-05-30,350000
855256,Alex Scott,2024,0.0,0.0,751.0,21.7745744265796,Midfield,20,2025-05-25,2025-05-30,20000000
349066,Alexander Isak,2024,23.0,6.0,2774.0,25.689781446573168,Attack,34,2025-05-25,2025-05-30,120000000
534033,Alexis Mac Allister,2024,5.0,5.0,2609.0,26.43175424546705,Midfield,35,2025-05-11,2025-05-30,100000000
105470,Alisson,2024,0.0,0.0,2509.0,32.65775477935892,Goalkeeper,28,2025-05-25,2025-05-30,20000000
120629,Alphonse Areola,2024,0.0,0.0,2259.0,32.25254454232462,Goalkeeper,26,2025-05-18,2025-05-30,9000000
536835,Amad Diallo,2024,8.0,8.0,1903.0,22.886164671416935,Attack,26,2025-05-25,2025-05-30,45000000
485706,Amadou Onana,2024,3.0,0.0,1624.0,23.786936076716152,Midfield,26,2025-05-25,2025-05-30,50000000
203394,Andreas Pereira,2024,2.0,6.0,2026.0,29.410597069070548,Midfield,33,2025-05-25,2025-05-30,18000000
234803,Andrew Robertson,2024,0.0,1.0,2492.0,31.22035360068995,Defender,33,2025-05-25,2025-05-30,18000000
800176,André,2024,0.0,0.0,2485.0,23.871811193932796,Midfield,33,2025-05-25,2025-05-30,28000000
234509,André Onana,2024,0.0,0.0,3060.0,29.158709624427605,Goalkeeper,34,2025-05-16,2025-05-30,25000000
583189,Anthony Elanga,2024,6.0,11.0,2510.0,23.091507696941072,Attack,38,2025-05-25,2025-05-30,42000000
503733,Anthony Gordon,2024,6.0,6.0,2446.0,24.260593988925166,Attack,34,2025-05-25,2025-05-30,65000000
583255,Antoine Semenyo,2024,11.0,6.0,3210.0,25.394087489818407,Attack,37,2025-05-25,2025-05-30,40000000
349701,Antonee Robinson,2024,0.0,10.0,3167.0,27.80892146998227,Defender,36,2025-05-25,2025-05-30,35000000
725912,Antonín Kinský,2024,0.0,0.0,540.0,22.21537745470475,Goalkeeper,6,2025-05-16,2025-05-30,15000000
922693,Archie Gray,2024,0.0,0.0,1744.0,19.217369282052335,Midfield,28,2025-05-25,2025-05-30,38000000
371021,Arijanet Murić,2024,0.0,0.0,1620.0,26.560435874795512,Goalkeeper,18,2025-02-01,2025-05-30,5000000
14086,Ashley Young,2024,1.0,3.0,1870.0,39.89130509182255,Defender,32,2025-05-25,2025-05-30,500000
386047,Axel Disasi,2024,1.0,0.0,852.0,27.220271463479744,Defender,13,2025-04-22,2025-05-30,22000000
342046,Axel Tuanzebe,2024,0.0,1.0,1717.0,27.540606583297397,Defender,22,2025-05-25,2025-05-30,5000000
565093,Bart Verbruggen,2024,0.0,1.0,3240.0,22.782124205151373,Goalkeeper,36,2025-05-25,2025-05-30,30000000
192765,Ben Davies,2024,0.0,0.0,1330.0,32.099221749933264,Defender,17,2025-05-25,2025-05-30,6000000
468002,Ben Johnson,2024,1.0,2.0,1349.0,25.347543070699604,Defender,23,2025-05-10,2025-05-30,8000000
335721,Ben White,2024,0.0,2.0,1198.0,27.641909142555974,Defender,17,2025-05-25,2025-05-30,45000000
241641,Bernardo Silva,2024,4.0,4.0,2668.0,30.8041917356277,Midfield,33,2025-05-25,2025-05-30,38000000
72476,Bernd Leno,2024,0.0,1.0,3420.0,33.238191064840485,Goalkeeper,38,2025-05-25,2025-05-30,10000000
595809,Beto,2024,8.0,0.0,1528.0,27.327049836752295,Attack,30,2025-05-25,2025-05-30,22000000
654982,Bilal El Khannouss,2024,2.0,3.0,2197.0,21.05450488374162,Midfield,32,2025-05-18,2025-05-30,28000000
186186,Bobby De Cordova-Reid,2024,1.0,3.0,741.0,32.32099221749933,Midfield,23,2025-04-26,2025-05-30,2500000
394327,Boubacar Kamara,2024,1.0,0.0,1728.0,25.517293305132892,Midfield,26,2025-05-25,2025-05-30,40000000
700106,Brajan Gruda,2024,1.0,4.0,681.0,20.997008836594865,Midfield,21,2025-05-25,2025-05-30,25000000
470607,Brennan Johnson,2024,11.0,5.0,2179.0,24.019658172310177,Attack,33,2025-05-25,2025-05-30,40000000
240306,Bruno Fernandes,2024,8.0,11.0,3023.0,30.724792432425033,Midfield,36,2025-05-25,2025-05-30,50000000
520624,Bruno Guimarães,2024,5.0,6.0,3287.0,27.53513076928342,Midfield,38,2025-05-25,2025-05-30,80000000
413039,Bryan Mbeumo,2024,20.0,8.0,3417.0,25.81298726188765,Attack,38,2025-05-25,2025-05-30,55000000
433177,Bukayo Saka,2024,6.0,11.0,1736.0,23.732177936576385,Attack,25,2025-05-25,2025-05-30,150000000
392768,Callum Hudson-Odoi,2024,5.0,3.0,2205.0,24.55902585268691,Attack,31,2025-05-25,2025-05-30,25000000
461883,Calvin Bassey,2024,1.0,0.0,3074.0,25.413252838867326,Defender,35,2025-05-18,2025-05-30,25000000
533662,Cameron Archer,2024,2.0,0.0,1433.0,23.472076770912476,Attack,35,2025-05-25,2025-05-30,12000000
255788,Cameron Burgess,2024,0.0,2.0,1540.0,29.607726373573723,Defender,18,2025-05-10,2025-05-30,2000000
340918,Caoimhín Kelleher,2024,0.0,0.0,900.0,26.516629362683695,Goalkeeper,10,2025-04-06,2025-05-30,20000000
748319,Carlos Alcaraz,2024,2.0,3.0,771.0,22.497381876424566,Midfield,16,2025-05-25,2025-05-30,14000000
973085,Carlos Baleba,2024,3.0,1.0,2673.0,21.404956980636154,Midfield,34,2025-05-25,2025-05-30,40000000
372246,Carlos Soler,2024,1.0,1.0,1404.0,28.405785197505764,Midfield,31,2025-05-18,2025-05-30,18000000
16306,Casemiro,2024,1.0,0.0,1498.0,33.26557013491037,Midfield,24,2025-05-25,2025-05-30,10000000
578539,Chris Richards,2024,1.0,0.0,1925.0,25.17231702225234,Defender,24,2025-05-25,2025-05-30,14000000
108725,Chris Wood,2024,20.0,3.0,2979.0,33.47912688145547,Attack,36,2025-05-25,2025-05-30,10000000
69633,Christian Eriksen,2024,1.0,2.0,1056.0,33.290211297973265,Midfield,23,2025-05-25,2025-05-30,4000000
148367,Christian Nørgaard,2024,5.0,4.0,2830.0,31.22309150769694,Midfield,34,2025-05-25,2025-05-30,11000000
344381,Christopher Nkunku,2024,3.0,2.0,910.0,27.540606583297397,Attack,27,2025-04-13,2025-05-30,35000000
434675,Cody Gakpo,2024,10.0,5.0,1938.0,26.064874706530592,Attack,35,2025-05-25,2025-05-30,70000000
568177,Cole Palmer,2024,15.0,9.0,3200.0,23.066866533878176,Midfield,37,2025-05-25,2025-05-30,120000000
624258,Conor Bradley,2024,0.0,2.0,748.0,21.892304427880106,Defender,19,2025-05-25,2025-05-30,30000000
349503,Conor Chaplin,2024,1.0,1.0,854.0,28.282579382191283,Attack,22,2025-05-25,2025-05-30,6000000
128901,Conor Coady,2024,1.0,0.0,1714.0,32.2580203563386,Defender,22,2025-05-25,2025-05-30,2200000
121477,Craig Dawson,2024,0.0,0.0,970.0,35.0671129455088,Defender,15,2024-12-29,2025-05-30,1500000
355915,Cristian Romero,2024,1.0,1.0,1420.0,27.091589834151282,Defender,18,2025-04-21,2025-05-30,50000000
474701,Crysencio Summerville,2024,1.0,1.0,780.0,23.581593051192016,Attack,19,2025-01-04,2025-05-30,22000000
433188,Curtis Jones,2024,3.0,4.0,1711.0,24.32904166409988,Midfield,33,2025-05-25,2025-05-30,45000000
356141,Daichi Kamada,2024,0.0,0.0,1553.0,28.81647124855404,Midfield,34,2025-05-25,2025-05-30,12000000
134270,Dan Burn,2024,1.0,1.0,3330.0,33.05748920237924,Defender,37,2025-05-25,2025-05-30,6000000
823231,Dango Ouattara,2024,7.0,4.0,2011.0,23.296850722465212,Attack,32,2025-05-03,2025-05-30,28000000
493003,Daniel Muñoz,2024,4.0,6.0,3232.0,29.010862646050228,Defender,37,2025-05-25,2025-05-30,25000000
67063,Danny Welbeck,2024,10.0,4.0,2121.0,34.50857991608315,Attack,30,2025-05-19,2025-05-30,5000000
401320,Dara O'Shea,2024,0.0,2.0,3123.0,26.240100754977856,Defender,35,2025-05-25,2025-05-30,14000000
546543,Darwin Núñez,2024,5.0,3.0,1118.0,25.933455170195145,Attack,30,2025-05-25,2025-05-30,45000000
277033,David Brooks,2024,2.0,0.0,948.0,27.893796587198914,Attack,29,2025-05-25,2025-05-30,10000000
262749,David Raya,2024,0.0,0.0,3420.0,29.70629102582531,Goalkeeper,38,2025-05-25,2025-05-30,40000000
258919,Dean Henderson,2024,0.0,0.0,3420.0,28.216869614023558,Goalkeeper,38,2025-05-25,2025-05-30,20000000
890290,Dean Huijsen,2024,3.0,2.0,2422.0,20.12635440837252,Defender,32,2025-05-25,2025-05-30,60000000
357662,Declan Rice,2024,4.0,7.0,2833.0,26.374258198320295,Midfield,35,2025-05-25,2025-05-30,120000000
431755,Dejan Kulusevski,2024,7.0,4.0,2391.0,25.09565562605666,Midfield,32,2025-05-11,2025-05-30,50000000
556385,Destiny Udogie,2024,0.0,1.0,1932.0,22.502857690438542,Defender,25,2025-05-25,2025-05-30,40000000
329145,Diego Carlos,2024,0.0,0.0,828.0,32.260758263345586,Defender,10,2024-12-30,2025-06-18,9500000
996897,Diego Gómez,2024,1.0,1.0,511.0,22.177046756606913,Midfield,16,2025-05-25,2025-05-30,14000000
357147,Diogo Dalot,2024,0.0,3.0,2813.0,26.20177005688002,Defender,33,2025-05-25,2025-05-30,30000000
340950,Diogo Jota,2024,6.0,4.0,1194.0,28.48518450070843,Attack,26,2025-05-25,2025-05-30,40000000
483348,Djed Spence,2024,1.0,2.0,1791.0,24.805437483315878,Defender,25,2025-05-25,2025-05-30,20000000
306024,Dominic Calvert-Lewin,2024,3.0,2.0,1613.0,28.205917985995605,Attack,26,2025-05-25,2025-05-30,16000000
258889,Dominic Solanke,2024,9.0,3.0,2206.0,27.707618910723696,Attack,27,2025-05-25,2025-05-30,40000000
451276,Dominik Szoboszlai,2024,6.0,7.0,2497.0,24.594618643777764,Midfield,36,2025-05-25,2025-05-30,80000000
584769,Dwight McNeil,2024,4.0,8.0,1371.0,25.52003121213988,Attack,21,2025-05-25,2025-05-30,25000000
479999,Eberechi Eze,2024,8.0,8.0,2603.0,26.919101692711006,Midfield,34,2025-05-25,2025-05-30,55000000
340324,Eddie Nketiah,2024,3.0,2.0,1025.0,26.001902845369855,Attack,29,2025-05-25,2025-05-30,18000000
238223,Ederson,2024,0.0,4.0,2321.0,31.784362444129584,Goalkeeper,26,2025-05-25,2025-05-30,20000000
401356,Edson Álvarez,2024,0.0,1.0,1782.0,27.598102630444156,Midfield,28,2025-05-25,2025-05-30,25000000
567576,Elliot Anderson,2024,2.0,6.0,2743.0,22.56309164459229,Midfield,37,2025-05-25,2025-05-30,32000000
181778,Emerson,2024,2.0,1.0,2125.0,30.82335708467662,Defender,31,2025-05-11,2025-05-30,10000000
392765,Emile Smith Rowe,2024,6.0,3.0,2060.0,24.838292367399742,Midfield,34,2025-05-25,2025-05-30,30000000
111873,Emiliano Martínez,2024,0.0,0.0,3195.0,32.73989198956858,Goalkeeper,37,2025-05-25,2025-05-30,20000000
683895,Emmanuel Agbadou,2024,1.0,0.0,1411.0,27.951292634345673,Defender,16,2025-05-25,2025-05-30,20000000
648195,Enzo Fernández,2024,6.0,7.0,2949.0,24.36463445519073,Midfield,36,2025-05-25,2025-05-30,75000000
418560,Erling Haaland,2024,22.0,3.0,2743.0,24.85745771644866,Attack,31,2025-05-25,2025-05-30,180000000
890719,Ethan Nwaneri,2024,4.0,2.0,889.0,18.193392061438633,Midfield,26,2025-05-25,2025-05-30,55000000
442248,Ethan Pinnock,2024,2.0,0.0,1913.0,32.00339500468866,Defender,22,2025-04-02,2025-05-30,7000000
711337,Evanilson,2024,10.0,5.0,2336.0,25.64871284146834,Attack,31,2025-05-25,2025-05-30,35000000
413403,Ezri Konsa,2024,2.0,0.0,2937.0,27.600840537451145,Defender,34,2025-05-25,2025-05-30,35000000
135343,Fabian Schär,2024,4.0,0.0,2938.0,33.44353409036462,Defender,34,2025-05-25,2025-05-30,7000000
983989,Facundo Buonanotte,2024,5.0,2.0,1514.0,20.43299999315523,Midfield,31,2025-05-25,2025-05-30,20000000
585323,Filip Jørgensen,2024,0.0,0.0,540.0,23.121624674017948,Goalkeeper,6,2025-02-25,2025-05-30,18000000
506189,Flynn Downes,2024,1.0,0.0,2155.0,26.357830756278364,Midfield,27,2025-05-25,2025-05-30,13000000
52570,Fraser Forster,2024,0.0,0.0,630.0,37.20268041095984,Goalkeeper,7,2024-12-29,2025-05-30,1000000
435338,Gabriel,2024,3.0,3.0,2365.0,27.4447798380528,Defender,28,2025-04-01,2025-05-30,75000000
363205,Gabriel Jesus,2024,3.0,0.0,603.0,28.156635659869814,Attack,17,2025-01-04,2025-05-30,32000000
655488,Gabriel Martinelli,2024,8.0,4.0,2299.0,23.948472590128475,Attack,33,2025-05-25,2025-05-30,55000000
420808,George Hirst,2024,3.0,1.0,647.0,26.286645174096662,Attack,26,2025-05-25,2025-05-30,4000000
538977,Georginio Rutter,2024,5.0,3.0,1666.0,23.110673045989994,Attack,28,2025-03-15,2025-05-30,32000000
225122,Gonçalo Guedes,2024,2.0,4.0,987.0,28.498874035743377,Attack,29,2025-05-25,2025-05-30,11000000
286047,Guglielmo Vicario,2024,0.0,0.0,2160.0,28.643983107113765,Goalkeeper,24,2025-05-25,2025-05-30,32000000
342385,Guido Rodríguez,2024,0.0,1.0,1155.0,31.13274057646632,Midfield,23,2025-05-25,2025-05-30,10000000
177907,Harry Maguire,2024,1.0,0.0,1756.0,32.23611710028269,Defender,27,2025-05-25,2025-05-30,13000000
279455,Harry Wilson,2024,6.0,2.0,1159.0,28.189490543953674,Attack,25,2025-05-25,2025-05-30,15000000
249126,Harry Winks,2024,0.0,2.0,1540.0,29.322984044846915,Midfield,22,2025-03-16,2025-05-30,9000000
398065,Harvey Barnes,2024,9.0,5.0,1754.0,27.472158908122687,Attack,33,2025-05-25,2025-05-30,35000000
292246,Hee-chan Hwang,2024,2.0,0.0,649.0,29.342149393895834,Attack,21,2025-05-20,2025-05-30,12000000
91845,Heung-min Son,2024,7.0,10.0,2117.0,32.893214781959934,Attack,30,2025-05-16,2025-05-30,20000000
485585,Ian Maatsen,2024,1.0,2.0,1127.0,23.222927233276522,Defender,29,2025-05-25,2025-05-30,28000000
375885,Ibrahim Sangaré,2024,0.0,1.0,590.0,27.491324257171605,Midfield,13,2025-05-25,2025-05-30,24000000
357119,Ibrahima Konaté,2024,1.0,2.0,2565.0,26.0155923804048,Defender,31,2025-05-25,2025-05-30,60000000
126665,Idrissa Gueye,2024,0.0,3.0,3070.0,35.674928301060255,Midfield,37,2025-05-25,2025-05-30,1500000
380350,Igor Julio,2024,0.0,0.0,960.0,27.307884487703376,Defender,13,2025-05-25,2025-05-30,20000000
623570,Iliman Ndiaye,2024,9.0,0.0,2440.0,25.232550976406085,Attack,33,2025-05-25,2025-05-30,22000000
659089,Ilya Zabarnyi,2024,0.0,1.0,3114.0,22.74379350705353,Defender,36,2025-05-25,2025-05-30,42000000
410225,Ismaïla Sarr,2024,8.0,7.0,2721.0,27.25860216157758,Attack,38,2025-05-25,2025-05-30,25000000
272622,Issa Diop,2024,0.0,0.0,1335.0,28.386619848456846,Defender,21,2025-04-01,2025-05-30,14000000
559794,Jack Clarke,2024,0.0,4.0,1170.0,24.515219340575097,Attack,32,2025-05-25,2025-05-30,15000000
203460,Jack Grealish,2024,1.0,1.0,715.0,29.71998056086025,Attack,20,2025-05-20,2025-05-30,28000000
417346,Jack Harrison,2024,1.0,1.0,2083.0,28.523515198806273,Attack,34,2025-05-25,2025-05-30,14000000
867688,Jack Hinshelwood,2024,5.0,3.0,1848.0,20.134568129393486,Midfield,26,2025-05-25,2025-05-30,24000000
163744,Jack Stephens,2024,1.0,0.0,1394.0,31.33808360199046,Defender,19,2025-05-18,2025-05-30,1500000
458178,Jack Taylor,2024,1.0,0.0,838.0,26.935529134752937,Midfield,32,2025-05-25,2025-05-30,3000000
693095,Jacob Greaves,2024,1.0,0.0,2205.0,24.71234864507827,Defender,25,2025-05-25,2025-05-30,18000000
199527,Jacob Murphy,2024,8.0,12.0,2382.0,30.262086148243974,Attack,35,2025-05-25,2025-05-30,16000000
503749,Jacob Ramsey,2024,1.0,5.0,1628.0,24.005968637275235,Midfield,29,2025-05-25,2025-05-30,32000000
665390,Jaden Philogene,2024,2.0,0.0,800.0,23.305064443486177,Attack,21,2025-04-13,2025-05-30,16000000
401173,Jadon Sancho,2024,3.0,5.0,1765.0,25.180530743273305,Attack,31,2025-05-25,2025-05-30,28000000
711544,Jake O'Brien,2024,2.0,0.0,1569.0,24.041561428366084,Defender,20,2025-05-25,2025-05-30,18000000
425918,Jakub Kiwior,2024,1.0,0.0,1117.0,25.287309116545856,Defender,17,2025-05-25,2025-05-30,28000000
324223,James Bree,2024,0.0,1.0,1073.0,27.466683094108706,Defender,17,2025-05-18,2025-05-30,2500000
505219,James Garner,2024,0.0,1.0,1595.0,24.21404956980636,Midfield,21,2025-05-25,2025-05-30,18000000
413220,James Justin,2024,2.0,2.0,2921.0,27.264077975591558,Defender,36,2025-05-25,2025-05-30,13000000
294057,James Maddison,2024,9.0,7.0,1817.0,28.515301477785307,Midfield,31,2025-04-27,2025-05-30,42000000
173504,James Tarkowski,2024,1.0,1.0,2924.0,32.52633524302347,Defender,33,2025-04-19,2025-05-30,9000000
181579,James Ward-Prowse,2024,1.0,2.0,1440.0,30.576945454047653,Midfield,24,2025-05-25,2025-05-30,8000000
197838,Jamie Vardy,2024,9.0,4.0,2839.0,38.38271833097189,Attack,35,2025-05-18,2025-05-30,1000000
243028,Jan Bednarek,2024,2.0,0.0,2535.0,29.13133055435772,Defender,30,2025-05-10,2025-05-30,9000000
576314,Jan Paul van Hecke,2024,1.0,1.0,2961.0,24.975187717749165,Defender,34,2025-05-25,2025-05-30,32000000
99331,Jannik Vestergaard,2024,0.0,0.0,1395.0,32.82202919977823,Defender,18,2025-02-27,2025-05-30,2000000
632349,Jarell Quansah,2024,0.0,0.0,488.0,22.333107456005255,Defender,13,2025-05-19,2025-05-30,20000000
661053,Jarrad Branthwaite,2024,0.0,1.0,2510.0,22.924495369514773,Defender,30,2025-05-18,2025-05-30,50000000
314875,Jarrod Bowen,2024,13.0,10.0,2980.0,28.441377988596617,Attack,34,2025-05-25,2025-05-30,40000000
605184,Jean-Clair Todibo,2024,0.0,0.0,1833.0,25.415990745874314,Defender,27,2025-05-25,2025-05-30,25000000
420002,Jean-Philippe Mateta,2024,14.0,2.0,2656.0,27.9211756572688,Attack,37,2025-05-25,2025-05-30,30000000
450050,Jean-Ricner Bellegarde,2024,2.0,7.0,1684.0,26.924577506724983,Midfield,35,2025-05-25,2025-05-30,18000000
262980,Jefferson Lerma,2024,0.0,1.0,2277.0,30.596110803096572,Midfield,33,2025-05-25,2025-05-30,10000000
468066,Jens Cajuste,2024,1.0,1.0,1978.0,25.804773540866684,Midfield,30,2025-05-25,2025-05-30,12000000
513245,Jesper Lindstrøm,2024,0.0,1.0,1241.0,25.24897841844802,Attack,25,2025-03-15,2025-05-30,18000000
649317,Jhon Durán,2024,7.0,0.0,626.0,21.454239306761945,Attack,20,2025-01-26,2025-05-27,35000000
260827,Joachim Andersen,2024,0.0,0.0,2674.0,28.997173111015282,Defender,30,2025-05-25,2025-05-30,27000000
468198,Joe Aribo,2024,3.0,0.0,2020.0,28.85753985365887,Midfield,32,2025-05-18,2025-05-30,6000000
256178,Joe Gomez,2024,0.0,0.0,519.0,28.019740309520387,Defender,9,2024-12-29,2025-05-30,20000000
340329,Joe Willock,2024,0.0,2.0,1073.0,25.7773944707968,Midfield,32,2025-05-25,2025-05-30,22000000
333241,Joelinton,2024,4.0,3.0,2404.0,28.791830085491146,Midfield,29,2025-04-19,2025-05-30,35000000
193116,John McGinn,2024,1.0,4.0,2231.0,30.61527615214549,Midfield,34,2025-05-25,2025-05-30,16000000
186590,John Stones,2024,2.0,0.0,545.0,31.00679685414485,Defender,11,2025-02-15,2025-05-30,25000000
108354,Jordan Ayew,2024,5.0,0.0,1663.0,33.71732479106347,Attack,31,2025-05-25,2025-05-30,2500000
130164,Jordan Pickford,2024,0.0,1.0,3420.0,31.231305228717908,Goalkeeper,38,2025-05-25,2025-05-30,18000000
102017,Jorginho,2024,0.0,0.0,705.0,33.44353409036462,Midfield,15,2025-05-18,2025-05-30,6000000
435648,Joshua Zirkzee,2024,3.0,2.0,1394.0,24.022396079317165,Attack,32,2025-04-13,2025-05-30,30000000
475959,Josko Gvardiol,2024,5.0,0.0,3280.0,23.34887095559799,Defender,37,2025-05-25,2025-05-30,75000000
249994,José Sá,2024,0.0,0.0,2610.0,32.364798729611145,Goalkeeper,29,2025-05-25,2025-05-30,7000000
663244,Jota Silva,2024,3.0,2.0,840.0,25.82941470392958,Attack,31,2025-05-25,2025-05-30,15000000
735570,João Gomes,2024,3.0,1.0,2989.0,24.293448873009027,Midfield,36,2025-05-25,2025-05-30,40000000
626724,João Pedro,2024,10.0,6.0,1953.0,23.674681889429625,Attack,27,2025-04-19,2025-05-30,50000000
111195,Joël Veltman,2024,0.0,0.0,1699.0,33.37234850818292,Defender,21,2025-05-25,2025-05-30,4000000
660867,Julio Enciso,2024,2.0,3.0,1165.0,21.350198840496383,Midfield,25,2025-05-18,2025-05-30,22000000
513970,Julián Araujo,2024,0.0,0.0,498.0,23.79514979773712,Defender,12,2025-05-20,2025-05-30,10000000
420243,Jurriën Timber,2024,1.0,3.0,2423.0,23.951210497135463,Defender,30,2025-04-23,2025-05-30,55000000
747009,Justin Devenny,2024,1.0,1.0,496.0,21.634941169223186,Midfield,23,2025-05-25,2025-05-30,6000000
330659,Justin Kluivert,2024,12.0,6.0,2356.0,26.07035052054457,Midfield,34,2025-05-25,2025-05-30,35000000
486049,Jérémy Doku,2024,3.0,6.0,1514.0,23.009370486731417,Attack,29,2025-05-25,2025-05-30,50000000
429983,Jørgen Strand Larsen,2024,14.0,4.0,2603.0,25.31195027960875,Attack,35,2025-05-25,2025-05-30,30000000
309400,Kai Havertz,2024,9.0,3.0,1875.0,25.969047961285995,Attack,23,2025-05-25,2025-05-30,65000000
351749,Kalvin Phillips,2024,0.0,0.0,1240.0,29.492734279280203,Midfield,19,2025-05-03,2025-05-30,12000000
746695,Kamaldeen Sulemana,2024,1.0,1.0,1406.0,23.28589909443726,Attack,26,2025-05-25,2025-05-30,13000000
504849,Kaoru Mitoma,2024,10.0,4.0,2609.0,28.027954030541352,Attack,36,2025-05-25,2025-05-30,40000000
621193,Kasey McAteer,2024,1.0,1.0,853.0,23.51862119003128,Midfield,18,2025-05-25,2025-05-30,2000000
644401,Keane Lewis-Potter,2024,1.0,4.0,3100.0,24.266069802939143,Midfield,38,2025-05-25,2025-05-30,23000000
206746,Kenny Tete,2024,0.0,2.0,1779.0,29.640581257657583,Defender,22,2025-05-25,2025-05-30,13000000
192279,Kepa Arrizabalaga,2024,0.0,0.0,2790.0,30.65634475725032,Goalkeeper,31,2025-05-25,2025-05-30,10000000
263236,Kevin Danso,2024,0.0,0.0,843.0,26.694593318137947,Defender,10,2025-05-25,2025-05-30,25000000
88755,Kevin De Bruyne,2024,4.0,7.0,1705.0,33.92266781658761,Midfield,28,2025-05-25,2025-05-30,20000000
473050,Kevin Schade,2024,11.0,2.0,2301.0,23.504931654996337,Attack,38,2025-05-25,2025-05-30,30000000
95810,Kieran Trippier,2024,0.0,3.0,1309.0,34.69475759255837,Defender,25,2025-05-25,2025-05-30,4000000
820374,Kobbie Mainoo,2024,0.0,0.0,1656.0,20.112664873337575,Midfield,25,2025-05-25,2025-05-30,50000000
415912,Konstantinos Mavropanos,2024,0.0,0.0,2037.0,27.466683094108706,Defender,33,2025-05-25,2025-05-30,17000000
338070,Konstantinos Tsimikas,2024,0.0,1.0,833.0,29.049193344148065,Defender,18,2025-05-19,2025-05-30,18000000
328658,Kristoffer Ajer,2024,0.0,0.0,1443.0,27.118968904221166,Defender,24,2025-05-25,2025-05-30,18000000
95424,Kyle Walker,2024,0.0,0.0,967.0,35.05616131748085,Defender,15,2025-01-04,2025-06-17,4000000
341051,Kyle Walker-Peters,2024,0.0,2.0,2922.0,28.129256589799926,Defender,33,2025-05-03,2025-05-30,15000000
645686,Lamare Bogarde,2024,0.0,0.0,475.0,21.399481166622174,Midfield,8,2025-02-25,2025-05-30,6000000
144028,Leandro Trossard,2024,8.0,8.0,2551.0,30.486594522817033,Attack,38,2025-05-25,2025-05-30,22000000
596446,Leif Davis,2024,1.0,3.0,2746.0,25.413252838867326,Defender,33,2025-05-25,2025-05-30,22000000
923831,Leny Yoro,2024,0.0,0.0,1164.0,19.543180215883968,Defender,21,2025-05-11,2025-05-30,55000000
387626,Leon Bailey,2024,1.0,2.0,1144.0,27.80618356297528,Attack,24,2025-05-16,2025-05-30,28000000
711999,Lesley Ugochukwu,2024,1.0,1.0,1663.0,21.177710699056107,Midfield,26,2025-05-25,2025-05-30,18000000
614258,Levi Colwill,2024,2.0,1.0,3150.0,22.25644605980958,Defender,35,2025-05-25,2025-05-30,55000000
249089,Lewis Cook,2024,1.0,3.0,2978.0,28.318172173282132,Midfield,36,2025-05-20,2025-05-30,15000000
148153,Lewis Dunk,2024,0.0,0.0,2083.0,33.522933393567286,Defender,25,2025-05-04,2025-05-30,6000000
670858,Lewis Hall,2024,0.0,5.0,2193.0,20.723218135896015,Defender,27,2025-02-26,2025-05-30,32000000
610849,Liam Delap,2024,12.0,2.0,2616.0,22.30572838593537,Attack,37,2025-05-25,2025-05-30,40000000
480762,Lisandro Martínez,2024,2.0,1.0,1754.0,27.362642627843144,Defender,20,2025-02-02,2025-05-30,40000000
866246,Lucas Bergvall,2024,0.0,1.0,1205.0,19.321409748317897,Midfield,27,2025-04-27,2025-05-30,38000000
126664,Lucas Digne,2024,0.0,5.0,2360.0,31.861023840325263,Defender,32,2025-05-10,2025-05-30,10000000
444523,Lucas Paquetá,2024,4.0,0.0,2385.0,27.75690123684949,Midfield,33,2025-05-25,2025-05-30,28000000
480692,Luis Díaz,2024,13.0,7.0,2413.0,28.375668220428892,Attack,36,2025-05-25,2025-05-30,70000000
29692,Lukasz Fabianski,2024,0.0,0.0,1161.0,40.115813466395615,Goalkeeper,14,2025-05-25,2025-05-30,500000
505194,Luke Thomas,2024,0.0,0.0,1113.0,23.970375846184385,Defender,14,2025-05-25,2025-05-30,6000000
527425,Luke Woolfenden,2024,0.0,0.0,1187.0,26.606980293914315,Defender,15,2025-05-03,2025-05-30,2000000
400536,Mads Hermansen,2024,0.0,0.0,2385.0,24.884836786518544,Goalkeeper,27,2025-04-26,2025-05-30,15000000
391005,Mads Roerslev,2024,0.0,2.0,1097.0,25.949882612237076,Defender,19,2025-01-26,2025-06-05,6000000
620322,Malo Gusto,2024,0.0,1.0,1858.0,22.03193768523652,Defender,32,2025-05-25,2025-05-30,35000000
284730,Manuel Akanji,2024,0.0,0.0,2014.0,29.865089632230642,Defender,26,2025-05-25,2025-05-30,28000000
476701,Manuel Ugarte,2024,1.0,2.0,1792.0,24.134650266603693,Midfield,29,2025-05-16,2025-05-30,45000000
284857,Marc Cucurella,2024,5.0,2.0,2992.0,26.85612983155027,Defender,36,2025-05-25,2025-05-30,35000000
392757,Marc Guéhi,2024,3.0,2.0,3060.0,24.879360972504568,Defender,34,2025-05-11,2025-05-30,45000000
296622,Marco Asensio,2024,3.0,1.0,745.0,29.35583892893078,Midfield,13,2025-05-25,2025-05-30,20000000
469781,Marcos Senesi,2024,0.0,0.0,1107.0,28.055333100611236,Defender,17,2025-05-25,2025-05-30,22000000
258923,Marcus Rashford,2024,6.0,4.0,1426.0,27.578937281395238,Attack,25,2025-04-22,2025-05-30,50000000
399434,Marcus Tavernier,2024,3.0,6.0,1940.0,26.190818428852065,Midfield,29,2025-05-25,2025-05-30,18000000
170934,Mario Lemina,2024,1.0,3.0,1363.0,31.795314072157538,Midfield,17,2025-01-06,2025-06-18,7500000
125714,Mark Flekken,2024,0.0,2.0,3276.0,31.962326399583837,Goalkeeper,37,2025-05-25,2025-05-30,10000000
357658,Mark Travers,2024,0.0,0.0,450.0,26.026544008432754,Goalkeeper,5,2025-01-14,2025-05-27,4000000
414908,Marshall Munetsi,2024,2.0,1.0,1079.0,28.936939156861538,Midfield,14,2025-05-25,2025-05-30,15000000
74960,Martin Dúbravka,2024,0.0,0.0,900.0,36.370356680835336,Goalkeeper,10,2025-02-15,2025-05-30,1000000
316264,Martin Ødegaard,2024,3.0,8.0,2332.0,26.450919594515973,Midfield,30,2025-05-25,2025-05-30,85000000
346483,Mason Mount,2024,1.0,0.0,621.0,26.385209826348248,Midfield,17,2025-05-25,2025-05-30,28000000
51471,Mateo Kovacic,2024,6.0,2.0,2203.0,31.067030808298597,Midfield,31,2025-05-20,2025-05-30,20000000
880245,Mateus Fernandes,2024,2.0,4.0,2922.0,20.887492556315323,Midfield,36,2025-05-25,2025-05-30,15000000
517894,Matheus Cunha,2024,15.0,6.0,2603.0,26.01011656639082,Attack,33,2025-05-25,2025-05-30,60000000
601883,Matheus Nunes,2024,1.0,6.0,1672.0,26.757565179298684,Defender,26,2025-05-25,2025-05-30,35000000
319859,Mathias Jensen,2024,0.0,2.0,852.0,29.410597069070548,Midfield,24,2025-05-25,2025-05-30,14000000
801734,Mathys Tel,2024,2.0,2.0,913.0,20.090761617281668,Attack,13,2025-05-25,2025-05-30,35000000
415381,Mats Wieffer,2024,1.0,5.0,1008.0,25.53645865418181,Defender,25,2025-05-25,2025-05-30,25000000
171679,Matt Doherty,2024,2.0,1.0,2112.0,33.36961060117593,Defender,30,2025-05-25,2025-05-30,2000000
406634,Matt O'Riley,2024,2.0,3.0,938.0,24.520695154589074,Midfield,21,2025-05-25,2025-05-30,22000000
326031,Matthijs de Ligt,2024,2.0,0.0,2128.0,25.799297726852707,Defender,29,2025-05-04,2025-05-30,38000000
425334,Matty Cash,2024,1.0,1.0,2077.0,27.81165937698926,Defender,27,2025-05-25,2025-05-30,25000000
127202,Matz Sels,2024,0.0,0.0,3420.0,33.257356413889404,Goalkeeper,38,2025-05-25,2025-05-30,7000000
434224,Maxence Lacroix,2024,1.0,1.0,3119.0,25.14767585918944,Defender,35,2025-05-25,2025-05-30,25000000
525247,Maximilian Kilman,2024,0.0,2.0,3349.0,28.019740309520387,Defender,38,2025-05-25,2025-05-30,25000000
823486,Michael Kayode,2024,0.0,1.0,528.0,20.887492556315323,Defender,12,2025-05-25,2025-05-30,18000000
118534,Michael Keane,2024,3.0,0.0,1046.0,32.38122617165308,Defender,14,2025-05-25,2025-05-30,5000000
104124,Michail Antonio,2024,1.0,1.0,844.0,35.17389131878136,Attack,14,2024-12-03,2025-05-30,700000
557459,Micky van de Ven,2024,0.0,2.0,1018.0,24.112747010547785,Defender,13,2025-05-25,2025-05-30,50000000
338424,Mikel Merino,2024,7.0,2.0,1581.0,28.936939156861538,Midfield,28,2025-05-25,2025-05-30,35000000
540941,Mikkel Damsgaard,2024,2.0,11.0,2930.0,24.906740042574455,Midfield,38,2025-05-25,2025-05-30,28000000
730861,Milos Kerkez,2024,2.0,6.0,3342.0,21.561017680034496,Defender,38,2025-05-25,2025-05-30,45000000
148455,Mohamed Salah,2024,29.0,18.0,3380.0,32.95618664312067,Attack,38,2025-05-25,2025-05-30,50000000
543499,Mohammed Kudus,2024,5.0,3.0,2603.0,24.8246028323648,Attack,32,2025-05-25,2025-05-30,45000000
687626,Moisés Caicedo,2024,1.0,4.0,3356.0,23.57337933017105,Midfield,38,2025-05-25,2025-05-30,90000000
673492,Morato,2024,0.0,0.0,893.0,23.915617706044614,Defender,26,2025-05-18,2025-05-30,14000000
429014,Morgan Gibbs-White,2024,7.0,10.0,2824.0,25.33932934967864,Midfield,34,2025-05-25,2025-05-30,50000000
503743,Morgan Rogers,2024,8.0,11.0,3131.0,22.845096066312106,Midfield,37,2025-05-25,2025-05-30,55000000
1005649,Murillo,2024,2.0,0.0,3191.0,22.905330020465854,Defender,36,2025-05-25,2025-05-30,55000000
890721,Myles Lewis-Skelly,2024,1.0,0.0,1371.0,18.67526369466861,Defender,23,2025-05-25,2025-05-30,45000000
177476,Nathan Aké,2024,0.0,0.0,683.0,30.278513590285904,Defender,10,2025-02-23,2025-05-30,25000000
344009,Nathan Broadhead,2024,2.0,0.0,697.0,27.15182378830503,Attack,18,2025-05-25,2025-05-30,4500000
469050,Nathan Collins,2024,2.0,5.0,3420.0,24.082630033470913,Defender,38,2025-05-25,2025-05-30,28000000
503990,Nathan Wood,2024,0.0,0.0,772.0,22.998418858703463,Defender,11,2025-05-25,2025-05-30,3500000
85177,Nathaniel Clyne,2024,0.0,0.0,481.0,34.152652005174645,Defender,13,2025-04-12,2025-05-30,1000000
503680,Neco Williams,2024,1.0,3.0,2592.0,24.129174452589716,Defender,35,2025-05-25,2025-05-30,20000000
192080,Nick Pope,2024,0.0,0.0,2520.0,33.11224734251901,Goalkeeper,28,2025-05-25,2025-05-30,8000000
75489,Niclas Füllkrug,2024,3.0,2.0,788.0,32.30182686845041,Attack,18,2025-05-25,2025-05-30,10000000
466805,Nico González,2024,1.0,0.0,764.0,23.403629095737763,Midfield,11,2025-05-25,2025-05-30,40000000
743413,Nico O'Reilly,2024,2.0,0.0,527.0,20.192064176540242,Defender,9,2025-05-10,2025-05-30,18000000
776890,Nicolas Jackson,2024,10.0,5.0,2240.0,23.942996776114498,Attack,30,2025-05-11,2025-05-30,50000000
497291,Nicolás Domínguez,2024,0.0,1.0,1971.0,26.921839599717995,Midfield,34,2025-05-25,2025-05-30,18000000
413507,Nikola Milenković,2024,5.0,2.0,3330.0,27.630957514528017,Defender,37,2025-05-25,2025-05-30,35000000
503987,Noni Madueke,2024,7.0,4.0,2047.0,23.222927233276522,Attack,32,2025-05-25,2025-05-30,40000000
340456,Noussair Mazraoui,2024,0.0,2.0,2849.0,27.540606583297397,Defender,37,2025-05-25,2025-05-30,25000000
231572,Nélson Semedo,2024,0.0,4.0,2896.0,31.53521290649363,Defender,34,2025-05-25,2025-05-30,9000000
236490,Ola Aina,2024,2.0,1.0,3002.0,28.641245200106777,Defender,35,2025-05-25,2025-05-30,22000000
203853,Oleksandr Zinchenko,2024,0.0,1.0,522.0,28.45506752363156,Defender,15,2025-05-25,2025-05-30,20000000
922563,Oliver Scarles,2024,0.0,0.0,663.0,19.4637809126813,Defender,15,2025-05-25,2025-05-30,8000000
406638,Oliver Skipp,2024,0.0,0.0,1122.0,24.701397017050315,Midfield,24,2025-05-25,2025-05-30,10000000
324358,Ollie Watkins,2024,16.0,8.0,2610.0,29.416072883084524,Attack,38,2025-05-25,2025-05-30,40000000
445939,Omar Marmoush,2024,7.0,2.0,1183.0,26.30854843015257,Attack,16,2025-05-25,2025-05-30,75000000
741238,Omari Hutchinson,2024,3.0,2.0,2593.0,21.582920936090407,Midfield,31,2025-05-25,2025-05-30,22000000
289592,Orel Mangala,2024,1.0,0.0,1261.0,27.20110611443082,Midfield,19,2025-01-25,2025-05-30,18000000
74230,Pablo Sarabia,2024,3.0,2.0,805.0,33.05201338836526,Midfield,23,2025-05-20,2025-05-30,5000000
568693,Pape Matar Sarr,2024,3.0,2.0,1914.0,22.708200715962683,Midfield,36,2025-05-25,2025-05-30,32000000
926952,Patrick Dorgu,2024,0.0,0.0,843.0,20.591798599560565,Attack,12,2025-05-25,2025-05-30,25000000
399776,Pau Torres,2024,0.0,0.0,2020.0,28.367454499407927,Defender,24,2025-05-25,2025-05-30,32000000
272855,Paul Onuachu,2024,4.0,1.0,1045.0,31.00679685414485,Attack,25,2025-05-25,2025-05-30,6000000
487465,Pedro Neto,2024,4.0,6.0,2269.0,25.22433725538512,Attack,35,2025-05-25,2025-05-30,50000000
553875,Pedro Porro,2024,2.0,6.0,2609.0,25.711684702629075,Defender,33,2025-05-25,2025-05-30,38000000
349599,Pervis Estupiñán,2024,1.0,1.0,2403.0,27.35442890682218,Defender,30,2025-05-19,2025-05-30,30000000
406635,Phil Foden,2024,7.0,2.0,1781.0,25.00530469482604,Midfield,28,2025-05-25,2025-05-30,100000000
568559,Radu Drăgușin,2024,0.0,0.0,1251.0,23.31875397852112,Defender,16,2025-01-26,2025-05-30,25000000
134425,Raheem Sterling,2024,0.0,2.0,496.0,30.47564289478908,Attack,17,2025-05-25,2025-05-30,10000000
610442,Rasmus Højlund,2024,4.0,1.0,2014.0,22.316680013963325,Attack,32,2025-05-25,2025-05-30,35000000
578391,Rayan Aït-Nouri,2024,4.0,7.0,3128.0,23.98132747421234,Defender,37,2025-05-25,2025-05-30,35000000
206040,Raúl Jiménez,2024,12.0,3.0,2507.0,34.070514794964986,Attack,38,2025-05-25,2025-05-30,5000000
472423,Reece James,2024,1.0,1.0,1063.0,25.476224700028062,Defender,19,2025-05-25,2025-05-30,30000000
340325,Reiss Nelson,2024,1.0,1.0,488.0,25.470748886014086,Attack,12,2024-12-05,2025-05-30,16000000
502821,Riccardo Calafiori,2024,2.0,1.0,985.0,23.031273742787327,Defender,19,2025-05-18,2025-05-30,35000000
378710,Richarlison,2024,4.0,1.0,500.0,28.055333100611236,Attack,15,2025-05-25,2025-05-30,20000000
701057,Rico Lewis,2024,1.0,2.0,1893.0,20.520613017378864,Defender,28,2025-05-10,2025-05-30,40000000
403151,Robert Sánchez,2024,0.0,0.0,2880.0,27.529654955269443,Goalkeeper,32,2025-05-25,2025-05-30,20000000
354362,Rodrigo Bentancur,2024,2.0,0.0,1653.0,27.929389378289766,Midfield,26,2025-05-25,2025-05-30,30000000
667121,Rodrigo Gomes,2024,2.0,0.0,799.0,21.897780241894083,Midfield,25,2025-05-25,2025-05-30,15000000
735571,Rodrigo Muniz,2024,8.0,1.0,950.0,24.07167840544296,Attack,31,2025-04-14,2025-05-30,20000000
628451,Roméo Lavia,2024,0.0,1.0,802.0,21.396743259615185,Midfield,16,2025-05-25,2025-05-30,40000000
131978,Ross Barkley,2024,3.0,1.0,567.0,31.48319267336085,Midfield,20,2025-05-25,2025-05-30,6000000
188077,Ryan Christie,2024,2.0,3.0,2131.0,30.26756196225795,Midfield,29,2025-04-02,2025-05-30,10000000
478573,Ryan Gravenberch,2024,0.0,4.0,3169.0,23.039487463808292,Midfield,37,2025-05-25,2025-05-30,75000000
262300,Ryan Manning,2024,0.0,1.0,1468.0,28.958842412917445,Defender,24,2025-05-10,2025-05-30,3000000
392775,Ryan Sessegnon,2024,4.0,2.0,580.0,25.032683764895925,Defender,16,2025-05-25,2025-05-30,15000000
425902,Ryan Yates,2024,2.0,1.0,1904.0,27.521441234248478,Midfield,35,2025-05-25,2025-05-30,12000000
258004,Rúben Dias,2024,0.0,0.0,2269.0,28.044381472583282,Defender,27,2025-05-25,2025-05-30,65000000
110864,Sam Johnstone,2024,0.0,0.0,630.0,32.181358960142916,Goalkeeper,7,2024-12-14,2025-05-30,6000000
123551,Sam Morsy,2024,1.0,1.0,2757.0,33.72006269807046,Midfield,33,2025-05-25,2025-05-30,500000
292139,Sammie Szmodics,2024,4.0,0.0,1002.0,29.68164986276241,Midfield,20,2025-05-25,2025-05-30,10000000
333014,Sander Berge,2024,0.0,0.0,2227.0,27.288719138654454,Midfield,31,2025-05-25,2025-05-30,25000000
397033,Sandro Tonali,2024,4.0,2.0,2629.0,25.06006283496581,Midfield,36,2025-05-25,2025-05-30,60000000
438001,Santiago Bueno,2024,0.0,0.0,1682.0,26.554960060781536,Defender,29,2025-05-25,2025-05-30,10000000
743591,Savinho,2024,1.0,10.0,1772.0,21.136642093951277,Attack,29,2025-05-25,2025-05-30,50000000
245056,Saša Lukić,2024,0.0,2.0,2360.0,28.794567992498134,Midfield,30,2025-05-25,2025-05-30,14000000
346707,Sean Longstaff,2024,0.0,0.0,787.0,27.581675188402226,Midfield,25,2025-05-11,2025-05-30,20000000
541231,Sepp van den Berg,2024,0.0,1.0,2588.0,23.4419597938356,Defender,31,2025-05-25,2025-05-30,22000000
658536,Simon Adingra,2024,2.0,2.0,1093.0,23.40910490975174,Attack,29,2025-05-25,2025-05-30,28000000
85941,Stefan Ortega,2024,0.0,0.0,1099.0,32.561928034114324,Goalkeeper,13,2025-04-22,2025-05-30,8000000
340328,Stephy Mavididi,2024,4.0,1.0,1617.0,26.998500995913673,Attack,30,2025-04-20,2025-05-30,10000000
504148,Tariq Lamptey,2024,2.0,2.0,860.0,24.663066318952477,Defender,15,2025-05-10,2025-05-30,11000000
503977,Taylor Harwood-Bellis,2024,1.0,0.0,2828.0,23.329705606549073,Defender,34,2025-05-18,2025-05-30,22000000
230784,Thomas Partey,2024,4.0,2.0,2800.0,31.962326399583837,Midfield,35,2025-05-25,2025-05-30,14000000
696589,Tim Iroegbunam,2024,0.0,1.0,564.0,21.916945590943005,Midfield,18,2025-05-10,2025-05-30,9000000
170527,Timo Werner,2024,0.0,3.0,508.0,29.232633113616295,Attack,18,2025-02-26,2025-05-30,7000000
262226,Timothy Castagne,2024,0.0,1.0,1643.0,29.484520558259238,Defender,24,2025-05-03,2025-05-30,13000000
503981,Tino Livramento,2024,0.0,1.0,2843.0,22.54666420255036,Defender,37,2025-05-25,2025-05-30,40000000
123275,Tom Cairney,2024,2.0,0.0,613.0,34.35799503069878,Midfield,25,2025-05-25,2025-05-30,1500000
433183,Tommy Doyle,2024,0.0,1.0,476.0,23.617185842282865,Midfield,24,2025-03-15,2025-05-30,10000000
283628,Tomáš Souček,2024,9.0,2.0,2571.0,30.25387242722301,Midfield,35,2025-05-25,2025-05-30,18000000
258878,Tosin Adarabioyo,2024,1.0,1.0,1405.0,27.68023984065381,Defender,22,2025-05-25,2025-05-30,20000000
606718,Toti,2024,0.0,1.0,2615.0,26.368782384306318,Defender,31,2025-05-25,2025-05-30,28000000
314353,Trent Alexander-Arnold,2024,3.0,7.0,2377.0,26.645310992012156,Defender,33,2025-05-25,2025-05-30,75000000
346314,Trevoh Chalobah,2024,3.0,1.0,1974.0,25.90333819311827,Defender,25,2025-05-11,2025-05-30,25000000
332705,Tyler Adams,2024,0.0,3.0,1965.0,26.28938308110365,Midfield,28,2025-05-25,2025-05-30,18000000
866655,Tyler Dibling,2024,2.0,1.0,1874.0,19.28034114321307,Attack,33,2025-05-18,2025-05-30,25000000
730893,Tyrick Mitchell,2024,0.0,5.0,3103.0,25.744539586712936,Defender,37,2025-05-25,2025-05-30,25000000
253677,Tyrone Mings,2024,0.0,0.0,1121.0,32.214213844226784,Defender,14,2025-05-10,2025-05-30,5000000
564529,Victor Kristiansen,2024,0.0,1.0,2489.0,22.45357536431275,Defender,30,2025-05-25,2025-05-30,15000000
184573,Victor Lindelöf,2024,0.0,0.0,697.0,30.869901503795422,Defender,16,2025-05-25,2025-05-30,8000000
139208,Virgil van Dijk,2024,3.0,1.0,3330.0,33.89528874651772,Defender,37,2025-05-25,2025-05-30,23000000
404842,Vitaliy Mykolenko,2024,1.0,2.0,3084.0,26.004640752376844,Defender,35,2025-05-25,2025-05-30,28000000
270171,Vitaly Janelt,2024,1.0,3.0,2267.0,27.055997043060433,Midfield,32,2025-04-19,2025-05-30,20000000
157672,Vladimír Coufal,2024,0.0,0.0,1061.0,32.77000896664545,Defender,22,2025-05-25,2025-05-30,5000000
729264,Welington,2024,0.0,0.0,480.0,24.274283523960108,Defender,10,2025-05-25,2025-05-30,3000000
475411,Wesley Fofana,2024,0.0,0.0,1176.0,24.449509572407372,Defender,14,2025-03-16,2025-05-30,25000000
274839,Wilfred Ndidi,2024,0.0,5.0,2337.0,28.45232961662457,Midfield,28,2025-05-18,2025-05-30,15000000
207014,Will Hughes,2024,0.0,4.0,2120.0,30.119714983880574,Midfield,33,2025-05-25,2025-05-30,7000000
444211,Will Smallbone,2024,1.0,0.0,682.0,25.270881674503926,Midfield,18,2025-05-25,2025-05-30,6000000
495666,William Saliba,2024,2.0,0.0,3041.0,24.183932592729487,Defender,35,2025-05-18,2025-05-30,80000000
743498,Wilson Odobert,2024,1.0,0.0,849.0,20.501447668329945,Attack,16,2025-05-25,2025-05-30,20000000
292808,Wout Faes,2024,1.0,0.0,2812.0,27.157299602319007,Defender,34,2025-05-25,2025-05-30,15000000
1012534,Yankuba Minteh,2024,6.0,4.0,1844.0,20.854637672231462,Attack,32,2025-05-25,2025-05-30,30000000
667287,Yasin Ayari,2024,2.0,1.0,1968.0,21.648630704258128,Midfield,34,2025-05-25,2025-05-30,22000000
717411,Yegor Yarmolyuk,2024,0.0,0.0,1443.0,21.24615837423082,Midfield,31,2025-05-25,2025-05-30,15000000
388165,Yoane Wissa,2024,19.0,5.0,2929.0,28.737071945351374,Attack,35,2025-05-25,2025-05-30,32000000
249565,Youri Tielemans,2024,3.0,7.0,3032.0,28.0635468216322,Midfield,36,2025-05-25,2025-05-30,38000000
405385,Yukinari Sugawara,2024,1.0,1.0,1557.0,24.920429577609397,Defender,30,2025-05-25,2025-05-30,11000000
410425,Yves Bissouma,2024,2.0,0.0,1406.0,28.748023573379328,Midfield,28,2025-05-25,2025-05-30,25000000
193098,Álex Moreno,2024,0.0,1.0,960.0,31.97601593461878,Defender,15,2025-04-12,2025-05-30,7000000
53622,İlkay Gündoğan,2024,1.0,7.0,2229.0,34.59893084731377,Midfield,33,2025-05-25,2025-05-30,5000000
591949,Aaron Hickey,2025,0.0,0.0,686.0,23.98132747421234,Defender,21,2026-05-24,2026-06-03,16000000
427568,Aaron Ramsdale,2025,0.0,0.0,1003.0,28.055333100611236,Goalkeeper,12,2026-04-18,2026-06-03,12000000
477758,Aaron Wan-Bissaka,2025,0.0,3.0,2084.0,28.518039384792296,Defender,25,2026-05-17,2026-06-03,15000000
763079,Abdukodir Khusanov,2025,0.0,0.0,1429.0,22.25918396681657,Defender,21,2026-05-19,2026-06-03,50000000
250426,Adam Armstrong,2025,2.0,2.0,1147.0,29.309294509811973,Attack,14,2026-05-24,2026-06-03,6000000
61841,Adam Smith,2025,0.0,2.0,1080.0,35.097229922585676,Defender,22,2026-05-24,2026-06-03,300000
744149,Adam Wharton,2025,1.0,5.0,2563.0,22.3221558279773,Midfield,34,2026-05-24,2026-06-03,70000000
654539,Adrien Truffert,2025,1.0,5.0,3380.0,24.534384689624016,Defender,38,2026-05-24,2026-06-03,30000000
811779,Alejandro Garnacho,2025,1.0,4.0,1268.0,21.92242140495698,Attack,24,2026-05-19,2026-06-03,28000000
242631,Alex Iwobi,2025,4.0,3.0,2436.0,30.08412219278972,Attack,29,2026-05-24,2026-06-03,20000000
855256,Alex Scott,2025,3.0,1.0,2860.0,22.78486211215836,Midfield,37,2026-05-19,2026-06-03,50000000
349066,Alexander Isak,2025,3.0,1.0,702.0,26.700069132151928,Attack,14,2026-05-09,2026-06-03,85000000
534033,Alexis Mac Allister,2025,2.0,4.0,2663.0,27.44204193104581,Midfield,37,2026-05-24,2026-06-03,70000000
105470,Alisson,2025,0.0,0.0,2340.0,33.66804246493768,Goalkeeper,26,2026-05-24,2026-06-03,15000000
120629,Alphonse Areola,2025,0.0,1.0,1800.0,33.26283222790338,Goalkeeper,20,2026-01-31,2026-06-03,4000000
336077,Altay Bayındır,2025,0.0,0.0,540.0,28.13747031082089,Goalkeeper,6,2025-09-27,2026-06-03,5000000
536835,Amad Diallo,2025,2.0,4.0,2346.0,23.896452356995695,Attack,32,2026-05-24,2026-06-03,45000000
485706,Amadou Onana,2025,2.0,0.0,1764.0,24.797223762294912,Midfield,25,2026-05-24,2026-06-03,45000000
532776,Amine Adli,2025,3.0,2.0,1082.0,26.064874706530592,Attack,31,2026-05-24,2026-06-03,20000000
234803,Andrew Robertson,2025,1.0,0.0,1172.0,32.230641286268714,Defender,24,2026-05-24,2026-06-03,7000000
743600,Andrey Santos,2025,1.0,0.0,1255.0,22.0839579183693,Midfield,27,2026-05-19,2026-06-03,40000000
800176,André,2025,1.0,0.0,2766.0,24.882098879511556,Midfield,35,2026-05-24,2026-06-03,25000000
392770,Angel Gomes,2025,0.0,0.0,465.0,25.75549121474089,Midfield,12,2026-05-24,2026-06-03,10000000
583189,Anthony Elanga,2025,0.0,1.0,1313.0,24.101795382519832,Attack,32,2026-05-24,2026-06-03,32000000
503733,Anthony Gordon,2025,6.0,2.0,1814.0,25.270881674503926,Attack,26,2026-04-12,2026-06-03,65000000
583255,Antoine Semenyo,2025,17.0,4.0,3205.0,26.404375175397167,Attack,37,2026-05-24,2026-06-03,80000000
344069,Anton Stach,2025,5.0,3.0,2378.0,27.54882030431836,Midfield,29,2026-05-17,2026-06-03,28000000
349701,Antonee Robinson,2025,1.0,0.0,1492.0,28.81920915556103,Defender,22,2026-05-24,2026-06-03,22000000
725912,Antonín Kinský,2025,0.0,0.0,630.0,23.22566514028351,Goalkeeper,7,2026-05-24,2026-06-03,15000000
489359,Ao Tanaka,2025,2.0,0.0,1318.0,27.729522166779606,Midfield,28,2026-05-24,2026-06-03,13000000
922693,Archie Gray,2025,2.0,2.0,1480.0,20.227656967631095,Midfield,24,2026-05-24,2026-06-03,35000000
571743,Armando Broja,2025,1.0,1.0,849.0,24.7287760871202,Attack,24,2026-05-01,2026-06-03,5000000
386047,Axel Disasi,2025,0.0,0.0,1255.0,28.2305591490585,Defender,14,2026-05-24,2026-06-03,15000000
342046,Axel Tuanzebe,2025,1.0,0.0,1202.0,28.550894268876156,Defender,14,2026-05-24,2026-06-03,5000000
1078163,Ayden Heaven,2025,0.0,1.0,923.0,19.696503008275325,Defender,17,2026-05-03,2026-06-03,30000000
463605,Bafodé Diakité,2025,0.0,0.0,1275.0,25.40503911784636,Defender,18,2026-01-31,2026-06-03,25000000
565093,Bart Verbruggen,2025,0.0,0.0,3420.0,23.79241189073013,Goalkeeper,38,2026-05-24,2026-06-03,40000000
612517,Bashir Humphreys,2025,0.0,2.0,1578.0,23.220189326269534,Defender,20,2026-05-24,2026-06-03,12000000
335721,Ben White,2025,0.0,1.0,704.0,28.65219682813473,Defender,12,2026-05-10,2026-06-03,30000000
627442,Benjamin Sesko,2025,11.0,1.0,1637.0,23.009370486731417,Attack,30,2026-05-03,2026-06-03,75000000
463603,Benoît Badiashile,2025,0.0,0.0,471.0,25.18874446429427,Defender,8,2026-01-31,2026-06-03,15000000
241641,Bernardo Silva,2025,2.0,4.0,2888.0,31.814479421206457,Midfield,38,2026-05-24,2026-06-03,22000000
72476,Bernd Leno,2025,0.0,0.0,3420.0,34.24847875041924,Goalkeeper,38,2026-05-24,2026-06-03,6000000
131996,Bertrand Traoré,2025,1.0,0.0,639.0,30.741219874466964,Attack,12,2026-03-03,2026-06-03,4000000
595809,Beto,2025,9.0,1.0,1565.0,28.337337522331055,Attack,37,2026-05-24,2026-06-03,18000000
394327,Boubacar Kamara,2025,1.0,3.0,1418.0,26.527580990711648,Midfield,18,2026-01-07,2026-06-03,40000000
700106,Brajan Gruda,2025,1.0,1.0,716.0,21.988131173124703,Midfield,18,2026-01-19,2026-05-27,28000000
393323,Brenden Aaronson,2025,4.0,5.0,2470.0,25.61312005037749,Midfield,37,2026-05-24,2026-06-03,22000000
470607,Brennan Johnson,2025,2.0,1.0,1723.0,25.029945857888936,Attack,34,2026-05-17,2026-06-03,30000000
473169,Brian Brobbey,2025,7.0,1.0,1934.0,24.334517478113856,Attack,31,2026-05-24,2026-06-03,30000000
240306,Bruno Fernandes,2025,9.0,21.0,3068.0,31.73508011800379,Midfield,35,2026-05-24,2026-06-03,35000000
520624,Bruno Guimarães,2025,9.0,6.0,2460.0,28.54541845486218,Midfield,29,2026-05-24,2026-06-03,70000000
413039,Bryan Mbeumo,2025,11.0,3.0,2625.0,26.82327494746641,Attack,33,2026-05-24,2026-06-03,75000000
433177,Bukayo Saka,2025,7.0,7.0,2226.0,24.742465622155144,Attack,31,2026-05-18,2026-06-03,110000000
392768,Callum Hudson-Odoi,2025,3.0,4.0,1848.0,25.56931353826567,Attack,30,2026-04-12,2026-06-03,30000000
123682,Callum Wilson,2025,7.0,1.0,1242.0,34.264906192461176,Attack,32,2026-05-24,2026-06-03,4000000
461883,Calvin Bassey,2025,1.0,1.0,2532.0,26.423540524446086,Defender,30,2026-05-24,2026-06-03,28000000
340918,Caoimhín Kelleher,2025,0.0,0.0,3330.0,27.526917048262455,Goalkeeper,37,2026-05-24,2026-06-03,28000000
748319,Carlos Alcaraz,2025,0.0,1.0,685.0,23.507669562003326,Midfield,20,2026-05-24,2026-06-03,15000000
973085,Carlos Baleba,2025,0.0,0.0,1662.0,22.41524466621491,Midfield,31,2026-05-24,2026-06-03,55000000
16306,Casemiro,2025,9.0,2.0,2589.0,34.27585782048913,Midfield,34,2026-05-17,2026-06-03,6000000
689637,Chadi Riad,2025,0.0,1.0,554.0,22.962826067612614,Defender,9,2026-05-24,2026-06-03,15000000
743384,Chemsdine Talbi,2025,4.0,2.0,1564.0,21.068194418776567,Attack,28,2026-05-17,2026-06-03,25000000
578539,Chris Richards,2025,1.0,0.0,2826.0,26.182604707831096,Defender,33,2026-05-17,2026-06-03,28000000
947411,Chris Rigg,2025,1.0,1.0,766.0,18.960006023395415,Midfield,18,2026-05-24,2026-06-03,25000000
108725,Chris Wood,2025,3.0,0.0,907.0,34.48941456703423,Attack,15,2026-05-24,2026-06-03,5000000
434675,Cody Gakpo,2025,7.0,5.0,2749.0,27.075162392109352,Attack,36,2026-05-24,2026-06-03,60000000
568177,Cole Palmer,2025,10.0,1.0,1965.0,24.077154219456936,Midfield,26,2026-05-24,2026-06-03,100000000
624258,Conor Bradley,2025,0.0,2.0,933.0,22.902592113458866,Defender,15,2026-01-08,2026-06-03,25000000
488362,Conor Gallagher,2025,1.0,1.0,1191.0,26.32223796518751,Midfield,16,2026-05-24,2026-06-03,32000000
646750,Cristhian Mosquera,2025,0.0,0.0,989.0,21.933373032984935,Defender,20,2026-05-24,2026-06-03,40000000
355915,Cristian Romero,2025,4.0,1.0,1873.0,28.101877519730042,Defender,23,2026-04-12,2026-06-03,45000000
474701,Crysencio Summerville,2025,5.0,4.0,2484.0,24.591880736770776,Attack,31,2026-05-24,2026-06-03,35000000
433188,Curtis Jones,2025,1.0,2.0,1930.0,25.33932934967864,Midfield,34,2026-05-24,2026-06-03,35000000
356141,Daichi Kamada,2025,0.0,1.0,1909.0,29.8267589341328,Midfield,28,2026-05-24,2026-06-03,10000000
503686,Dan Ballard,2025,2.0,2.0,2148.0,26.697331225144936,Defender,29,2026-05-02,2026-06-03,20000000
134270,Dan Burn,2025,1.0,3.0,2199.0,34.067776887958,Defender,29,2026-05-24,2026-06-03,4000000
365108,Dan Ndoye,2025,1.0,1.0,1176.0,25.604906329356524,Attack,24,2026-04-12,2026-06-03,32000000
823231,Dango Ouattara,2025,7.0,8.0,2282.0,24.307138408043972,Attack,32,2026-05-24,2026-06-03,35000000
319301,Daniel James,2025,0.0,0.0,553.0,28.56184589690411,Attack,19,2026-05-24,2026-06-03,10000000
493003,Daniel Muñoz,2025,4.0,3.0,2404.0,30.021150331628984,Defender,29,2026-05-24,2026-06-03,22000000
67063,Danny Welbeck,2025,13.0,1.0,2266.0,35.51886760166191,Attack,37,2026-05-24,2026-06-03,3000000
277033,David Brooks,2025,1.0,3.0,1199.0,28.904084272777673,Attack,31,2026-05-19,2026-06-03,12000000
661427,David Møller Wolfe,2025,0.0,2.0,1048.0,24.112747010547785,Defender,22,2026-05-24,2026-06-03,8000000
262749,David Raya,2025,0.0,0.0,3330.0,30.71657871140407,Goalkeeper,37,2026-05-18,2026-06-03,30000000
258919,Dean Henderson,2025,0.0,0.0,3330.0,29.227157299602318,Goalkeeper,37,2026-05-24,2026-06-03,28000000
357662,Declan Rice,2025,4.0,7.0,3099.0,27.384545883899055,Midfield,36,2026-05-18,2026-06-03,120000000
556385,Destiny Udogie,2025,0.0,1.0,1342.0,23.513145376017302,Defender,20,2026-05-24,2026-06-03,30000000
996897,Diego Gómez,2025,5.0,1.0,2139.0,23.18733444218567,Midfield,32,2026-05-24,2026-06-03,25000000
540664,Dilane Bakwa,2025,0.0,2.0,552.0,23.770508634674222,Attack,14,2026-05-17,2026-06-03,28000000
357147,Diogo Dalot,2025,1.0,3.0,2616.0,27.21205774245878,Defender,34,2026-05-17,2026-06-03,30000000
483348,Djed Spence,2025,0.0,0.0,2056.0,25.815725168894637,Defender,30,2026-05-24,2026-06-03,30000000
465555,Djordje Petrovic,2025,0.0,0.0,3420.0,26.65352471303312,Goalkeeper,38,2026-05-24,2026-06-03,28000000
306024,Dominic Calvert-Lewin,2025,14.0,1.0,2730.0,29.216205671574365,Attack,35,2026-05-24,2026-06-03,22000000
258889,Dominic Solanke,2025,3.0,0.0,1001.0,28.717906596302456,Attack,15,2026-04-25,2026-06-03,28000000
451276,Dominik Szoboszlai,2025,6.0,7.0,3233.0,25.604906329356524,Midfield,36,2026-05-24,2026-06-03,100000000
326029,Donyell Malen,2025,4.0,1.0,645.0,27.357166813829167,Attack,21,2026-01-07,2026-05-29,45000000
447661,Douglas Luiz,2025,1.0,0.0,922.0,28.06902263564618,Midfield,21,2026-05-24,2026-06-03,18000000
584769,Dwight McNeil,2025,0.0,1.0,1169.0,26.53031889771864,Attack,22,2026-05-17,2026-06-03,18000000
479999,Eberechi Eze,2025,7.0,2.0,1900.0,27.929389378289766,Midfield,33,2026-05-24,2026-06-03,65000000
1111589,El Hadji Malick Diouf,2025,0.0,5.0,2711.0,21.42959814369905,Defender,32,2026-05-24,2026-06-03,28000000
967346,Eliezer Mayenda,2025,2.0,0.0,756.0,21.070932325783556,Attack,20,2026-05-09,2026-06-03,16000000
567576,Elliot Anderson,2025,4.0,4.0,3335.0,23.57337933017105,Midfield,38,2026-05-24,2026-06-03,75000000
392765,Emile Smith Rowe,2025,3.0,0.0,1928.0,25.8485800529785,Midfield,37,2026-05-24,2026-06-03,20000000
321247,Emiliano Buendía,2025,6.0,2.0,1760.0,29.437976139140435,Attack,36,2026-05-24,2026-06-03,16000000
111873,Emiliano Martínez,2025,0.0,1.0,2835.0,33.750179675147336,Goalkeeper,32,2026-05-15,2026-06-03,12000000
648195,Enzo Fernández,2025,10.0,4.0,3121.0,25.37492214076949,Midfield,36,2026-05-24,2026-06-03,90000000
633992,Enzo Le Fée,2025,5.0,6.0,2936.0,26.330451686208477,Midfield,36,2026-05-24,2026-06-03,28000000
418560,Erling Haaland,2025,27.0,8.0,2959.0,25.86774540202742,Attack,35,2026-05-19,2026-06-03,200000000
1056993,Estêvão,2025,2.0,2.0,846.0,19.110590908779784,Attack,22,2026-04-18,2026-06-03,80000000
392771,Ethan Ampadu,2025,1.0,1.0,3123.0,25.71716051664305,Midfield,35,2026-05-24,2026-06-03,30000000
711337,Evanilson,2025,6.0,3.0,2762.0,26.659000527047098,Attack,36,2026-05-24,2026-06-03,35000000
500689,Evann Guessand,2025,1.0,1.0,916.0,24.923167484616386,Attack,21,2026-05-24,2026-06-03,25000000
413403,Ezri Konsa,2025,0.0,0.0,3036.0,28.611128223029905,Defender,34,2026-05-15,2026-06-03,40000000
135343,Fabian Schär,2025,0.0,0.0,1091.0,34.45382177594338,Defender,16,2026-01-07,2026-06-03,4000000
369316,Ferdi Kadıoğlu,2025,1.0,0.0,3134.0,26.65626262004011,Defender,37,2026-05-24,2026-06-03,35000000
357162,Florentino,2025,0.0,2.0,2114.0,26.790420063382548,Midfield,31,2026-05-24,2026-06-03,16000000
598577,Florian Wirtz,2025,5.0,4.0,2390.0,23.086031882927095,Midfield,33,2026-05-24,2026-06-03,100000000
698164,Freddie Potts,2025,0.0,1.0,1167.0,22.724628158004613,Midfield,22,2026-04-25,2026-06-03,10000000
435338,Gabriel,2025,3.0,4.0,2751.0,28.45506752363156,Defender,32,2026-05-24,2026-06-03,75000000
362108,Gabriel Gudmundsson,2025,0.0,0.0,2639.0,27.09706564816526,Defender,32,2026-04-22,2026-06-03,20000000
655488,Gabriel Martinelli,2025,1.0,4.0,1073.0,24.958760275707235,Attack,30,2026-05-24,2026-06-03,45000000
538977,Georginio Rutter,2025,3.0,4.0,1791.0,24.12096073156875,Attack,32,2026-05-24,2026-06-03,30000000
315858,Gianluigi Donnarumma,2025,0.0,0.0,3060.0,27.269553789605535,Goalkeeper,34,2026-05-19,2026-06-03,45000000
502676,Giorgi Mamardashvili,2025,0.0,0.0,868.0,25.676091911538226,Goalkeeper,10,2026-05-15,2026-06-03,28000000
111455,Granit Xhaka,2025,1.0,6.0,2901.0,33.68173199997262,Midfield,34,2026-05-24,2026-06-03,8000000
286047,Guglielmo Vicario,2025,0.0,0.0,2790.0,29.654270792692525,Goalkeeper,31,2026-03-22,2026-06-03,18000000
876631,Habib Diarra,2025,2.0,3.0,1409.0,22.41524466621491,Midfield,20,2026-05-24,2026-06-03,35000000
607224,Hannibal,2025,1.0,4.0,1231.0,23.365298397639922,Midfield,27,2026-05-24,2026-06-03,15000000
1107733,Harrison Armstrong,2025,0.0,0.0,528.0,19.370692074443692,Midfield,13,2026-05-24,2026-06-03,12000000
177907,Harry Maguire,2025,1.0,2.0,1655.0,33.24640478586145,Defender,23,2026-05-24,2026-06-03,8000000
279455,Harry Wilson,2025,10.0,7.0,2694.0,29.199778229532434,Attack,36,2026-05-24,2026-06-03,25000000
398065,Harvey Barnes,2025,7.0,1.0,1961.0,28.482446593701443,Attack,37,2026-05-24,2026-06-03,32000000
292246,Hee-chan Hwang,2025,2.0,2.0,1455.0,30.352437079474594,Attack,26,2026-05-24,2026-06-03,6000000
392179,Hjalmar Ekdal,2025,0.0,0.0,1540.0,27.617267979493075,Defender,19,2026-05-01,2026-06-03,5000000
698678,Hugo Bueno,2025,1.0,2.0,2366.0,23.707536773513485,Defender,35,2026-05-24,2026-06-03,12000000
709726,Hugo Ekitiké,2025,11.0,4.0,1811.0,23.95394840414245,Attack,28,2026-03-21,2026-06-03,80000000
485585,Ian Maatsen,2025,0.0,2.0,1599.0,24.233214918855282,Defender,30,2026-05-24,2026-06-03,30000000
375885,Ibrahim Sangaré,2025,2.0,2.0,2080.0,28.501611942750365,Midfield,28,2026-05-24,2026-06-03,20000000
357119,Ibrahima Konaté,2025,1.0,0.0,3100.0,27.025880065983557,Defender,36,2026-05-24,2026-06-03,45000000
126665,Idrissa Gueye,2025,2.0,3.0,2102.0,36.685215986639015,Midfield,25,2026-04-25,2026-06-03,500000
432164,Igor Jesus,2025,6.0,4.0,2315.0,25.268143767496937,Attack,37,2026-05-24,2026-06-03,25000000
739443,Igor Thiago,2025,22.0,1.0,3287.0,24.936857019651328,Attack,38,2026-05-24,2026-06-03,65000000
381753,Ilia Gruev,2025,0.0,3.0,1324.0,26.075826334558545,Midfield,23,2026-04-18,2026-06-03,12000000
623570,Iliman Ndiaye,2025,6.0,3.0,2789.0,26.242838661984845,Attack,32,2026-05-24,2026-06-03,55000000
410225,Ismaïla Sarr,2025,9.0,1.0,2177.0,28.26888984715634,Attack,28,2026-05-24,2026-06-03,40000000
272622,Issa Diop,2025,1.0,0.0,814.0,29.396907534035606,Defender,13,2026-05-24,2026-06-03,8000000
203460,Jack Grealish,2025,2.0,6.0,1632.0,30.73026824643901,Attack,20,2026-01-18,2026-06-03,20000000
867688,Jack Hinshelwood,2025,4.0,4.0,1751.0,21.144855814972242,Midfield,27,2026-05-24,2026-06-03,28000000
848509,Jackson Tchatchoua,2025,0.0,1.0,1837.0,24.717824459092245,Defender,31,2026-04-25,2026-06-03,12000000
293281,Jacob Bruun Larsen,2025,0.0,1.0,1023.0,27.704881003716707,Attack,28,2026-05-24,2026-06-03,4000000
199527,Jacob Murphy,2025,3.0,2.0,1620.0,31.272373833822734,Attack,33,2026-05-24,2026-06-03,12000000
503749,Jacob Ramsey,2025,2.0,3.0,1445.0,25.016256322853994,Midfield,28,2026-05-24,2026-06-03,35000000
401173,Jadon Sancho,2025,0.0,2.0,873.0,26.190818428852065,Attack,23,2026-05-15,2026-06-03,18000000
684210,Jaidon Anthony,2025,8.0,4.0,2735.0,26.50567773465574,Attack,37,2026-05-24,2026-06-03,20000000
984096,Jair Cunha,2025,0.0,0.0,516.0,21.240682560216843,Defender,9,2026-05-24,2026-06-03,15000000
371851,Jaka Bijol,2025,1.0,2.0,1893.0,27.324311929745306,Defender,25,2026-05-24,2026-06-03,20000000
711544,Jake O'Brien,2025,1.0,1.0,3124.0,25.051849113944844,Defender,37,2026-05-24,2026-06-03,18000000
505219,James Garner,2025,2.0,7.0,3414.0,25.22433725538512,Midfield,38,2026-05-24,2026-06-03,45000000
611793,James Hill,2025,0.0,3.0,2104.0,24.394751432267604,Defender,29,2026-05-24,2026-06-03,23000000
413220,James Justin,2025,2.0,1.0,1896.0,28.274365661170318,Defender,29,2026-05-24,2026-06-03,12000000
3333,James Milner,2025,1.0,1.0,778.0,40.411507423150375,Midfield,20,2026-05-24,2026-06-03,500000
173504,James Tarkowski,2025,2.0,3.0,3330.0,33.53662292860223,Defender,37,2026-05-24,2026-06-03,5000000
181579,James Ward-Prowse,2025,0.0,1.0,1097.0,31.587233139626413,Midfield,18,2026-05-24,2026-06-03,5000000
670882,Jamie Gittens,2025,0.0,2.0,490.0,21.818380938691416,Attack,16,2026-01-31,2026-06-03,30000000
576314,Jan Paul van Hecke,2025,3.0,3.0,3211.0,25.985475403327925,Defender,36,2026-05-24,2026-06-03,45000000
661053,Jarrad Branthwaite,2025,1.0,1.0,681.0,23.934783055093533,Defender,10,2026-04-19,2026-06-03,40000000
314875,Jarrod Bowen,2025,9.0,11.0,3409.0,29.451665674175377,Attack,38,2026-05-24,2026-06-03,30000000
1006411,Jaydee Canvot,2025,0.0,0.0,1334.0,19.84708789365969,Defender,20,2026-05-17,2026-06-03,28000000
465717,Jayden Bogle,2025,1.0,4.0,2805.0,25.85131795998549,Defender,34,2026-05-24,2026-06-03,15000000
605184,Jean-Clair Todibo,2025,0.0,1.0,1819.0,26.426278431453074,Defender,23,2026-05-17,2026-06-03,22000000
420002,Jean-Philippe Mateta,2025,12.0,0.0,2223.0,28.93146334284756,Attack,32,2026-05-24,2026-06-03,30000000
450050,Jean-Ricner Bellegarde,2025,1.0,1.0,1250.0,27.934865192303743,Midfield,26,2026-05-17,2026-06-03,16000000
262980,Jefferson Lerma,2025,0.0,4.0,1724.0,31.60639848867533,Midfield,31,2026-05-24,2026-06-03,6000000
484547,Jeremie Frimpong,2025,0.0,2.0,1040.0,25.47896260703505,Defender,21,2026-05-24,2026-06-03,35000000
588989,Jhon Arias,2025,1.0,0.0,1124.0,28.67683799119763,Attack,23,2026-01-31,2026-05-26,15000000
260827,Joachim Andersen,2025,0.0,1.0,2877.0,30.007460796594042,Defender,33,2026-05-09,2026-06-03,20000000
256178,Joe Gomez,2025,0.0,2.0,600.0,29.030027995099147,Defender,21,2026-05-24,2026-06-03,13000000
297212,Joe Rodon,2025,2.0,0.0,2954.0,28.613866130036893,Defender,35,2026-05-24,2026-06-03,18000000
340329,Joe Willock,2025,0.0,2.0,980.0,26.78768215637556,Midfield,24,2026-05-24,2026-06-03,14000000
415970,Joe Worrall,2025,0.0,0.0,497.0,29.394169627028617,Defender,11,2026-03-14,2026-06-03,2000000
333241,Joelinton,2025,2.0,1.0,1956.0,29.802117771069906,Midfield,27,2026-05-10,2026-06-03,25000000
193116,John McGinn,2025,5.0,5.0,2158.0,31.62556383772425,Midfield,30,2026-05-24,2026-06-03,13000000
61651,Jordan Henderson,2025,1.0,3.0,1921.0,35.962408536794044,Midfield,32,2026-05-24,2026-06-03,1200000
130164,Jordan Pickford,2025,0.0,0.0,3420.0,32.24159291429667,Goalkeeper,38,2026-05-24,2026-06-03,13000000
494880,Jorge Cuenca,2025,0.0,0.0,938.0,26.544008432753582,Defender,15,2026-05-24,2026-06-03,8000000
904802,Jorrel Hato,2025,0.0,0.0,1143.0,20.241346502666037,Defender,22,2026-05-24,2026-06-03,40000000
1004708,Josh Acheampong,2025,1.0,0.0,663.0,20.079809989253715,Defender,17,2026-05-24,2026-06-03,25000000
242606,Josh Cullen,2025,2.0,2.0,1520.0,30.155307774971423,Midfield,18,2025-12-27,2026-06-03,4000000
1011131,Josh King,2025,1.0,2.0,1304.0,19.414498586555506,Midfield,32,2026-05-24,2026-06-03,25000000
314241,Josh Laurent,2025,1.0,0.0,1759.0,31.07798243632655,Midfield,33,2026-05-18,2026-06-03,1500000
435648,Joshua Zirkzee,2025,2.0,1.0,609.0,25.032683764895925,Attack,24,2026-05-24,2026-06-03,20000000
475959,Josko Gvardiol,2025,2.0,2.0,1374.0,24.35915864117675,Defender,18,2026-05-24,2026-06-03,70000000
249994,José Sá,2025,0.0,0.0,2070.0,33.375086415189905,Goalkeeper,23,2026-05-24,2026-06-03,3500000
735570,João Gomes,2025,1.0,1.0,2835.0,25.303736558587786,Midfield,35,2026-05-17,2026-06-03,40000000
257455,João Palhinha,2025,5.0,2.0,2198.0,30.902756387879286,Midfield,33,2026-05-24,2026-06-03,15000000
626724,João Pedro,2025,15.0,8.0,2674.0,24.684969575008385,Attack,35,2026-05-24,2026-06-03,80000000
111195,Joël Veltman,2025,1.0,0.0,1050.0,34.38263619376168,Defender,24,2026-05-17,2026-06-03,1500000
955357,Junior Kroupi,2025,13.0,0.0,1683.0,19.945652545911276,Attack,33,2026-05-24,2026-06-03,70000000
420243,Jurriën Timber,2025,3.0,6.0,2457.0,24.961498182714223,Defender,30,2026-03-14,2026-06-03,70000000
747009,Justin Devenny,2025,1.0,0.0,789.0,22.645228854801946,Midfield,21,2026-05-24,2026-06-03,12000000
330659,Justin Kluivert,2025,2.0,0.0,953.0,27.08063820612333,Midfield,20,2026-05-24,2026-06-03,25000000
486049,Jérémy Doku,2025,5.0,7.0,1786.0,24.019658172310177,Attack,30,2026-05-24,2026-06-03,75000000
429983,Jørgen Strand Larsen,2025,4.0,1.0,2315.0,26.32223796518751,Attack,36,2026-05-24,2026-06-03,40000000
309400,Kai Havertz,2025,2.0,3.0,583.0,26.979335646864754,Attack,12,2026-05-24,2026-06-03,55000000
504849,Kaoru Mitoma,2025,3.0,1.0,1722.0,29.038241716120112,Attack,25,2026-05-09,2026-06-03,22000000
99397,Karl Darlow,2025,0.0,0.0,1980.0,35.65302504500435,Goalkeeper,22,2026-05-24,2026-06-03,200000
644401,Keane Lewis-Potter,2025,3.0,3.0,1970.0,25.276357488517903,Midfield,36,2026-05-24,2026-06-03,25000000
206746,Kenny Tete,2025,1.0,0.0,1795.0,30.650868943236343,Defender,22,2026-03-15,2026-06-03,8000000
900195,Kevin,2025,1.0,2.0,1038.0,23.41184281675873,Attack,26,2026-05-24,2026-06-03,25000000
263236,Kevin Danso,2025,0.0,0.0,1491.0,27.704881003716707,Defender,24,2026-05-24,2026-06-03,20000000
473050,Kevin Schade,2025,8.0,4.0,2758.0,24.515219340575097,Attack,35,2026-05-24,2026-06-03,35000000
95810,Kieran Trippier,2025,0.0,1.0,1592.0,35.70504527813713,Defender,21,2026-05-17,2026-06-03,1500000
475188,Kiernan Dewsbury-Hall,2025,8.0,6.0,2638.0,27.74047379480756,Midfield,31,2026-05-24,2026-06-03,35000000
820374,Kobbie Mainoo,2025,1.0,2.0,1654.0,21.122952558916335,Midfield,28,2026-05-24,2026-06-03,70000000
415912,Konstantinos Mavropanos,2025,3.0,0.0,2532.0,28.476970779687466,Defender,31,2026-05-24,2026-06-03,18000000
328658,Kristoffer Ajer,2025,0.0,1.0,1809.0,28.129256589799926,Defender,27,2026-05-17,2026-06-03,18000000
95424,Kyle Walker,2025,0.0,2.0,3097.0,36.01716667693382,Defender,36,2026-05-24,2026-06-03,1500000
341051,Kyle Walker-Peters,2025,1.0,0.0,1380.0,29.139544275378686,Defender,23,2026-05-24,2026-06-03,12000000
345911,Ladislav Krejci,2025,2.0,1.0,2361.0,27.121706811228155,Defender,28,2026-05-24,2026-06-03,22000000
645686,Lamare Bogarde,2025,0.0,0.0,1048.0,22.409768852200934,Midfield,28,2026-05-24,2026-06-03,18000000
144028,Leandro Trossard,2025,6.0,6.0,2008.0,31.496882208395792,Attack,31,2026-05-18,2026-06-03,18000000
923831,Leny Yoro,2025,0.0,2.0,1739.0,20.553467901462728,Defender,32,2026-05-24,2026-06-03,50000000
387626,Leon Bailey,2025,0.0,1.0,452.0,28.81647124855404,Attack,13,2026-05-24,2026-06-03,14000000
711999,Lesley Ugochukwu,2025,3.0,2.0,2351.0,22.187998384634867,Midfield,35,2026-05-24,2026-06-03,22000000
249089,Lewis Cook,2025,0.0,1.0,872.0,29.328459858860892,Midfield,18,2026-05-24,2026-06-03,11000000
148153,Lewis Dunk,2025,1.0,0.0,2837.0,34.533221079146045,Defender,33,2026-05-24,2026-06-03,3500000
670858,Lewis Hall,2025,1.0,1.0,2180.0,21.733505821474772,Defender,30,2026-05-24,2026-06-03,40000000
922769,Lewis Miley,2025,1.0,4.0,1494.0,20.090761617281668,Midfield,23,2026-05-02,2026-06-03,25000000
610849,Liam Delap,2025,1.0,1.0,1101.0,23.31601607151413,Attack,28,2026-05-24,2026-06-03,28000000
480762,Lisandro Martínez,2025,0.0,0.0,1231.0,28.372930313421904,Defender,18,2026-05-24,2026-06-03,40000000
607226,Loum Tchaouna,2025,2.0,1.0,1270.0,22.735579786032567,Attack,29,2026-05-24,2026-06-03,13000000
866246,Lucas Bergvall,2025,1.0,3.0,967.0,20.331697433896657,Midfield,23,2026-05-11,2026-06-03,35000000
126664,Lucas Digne,2025,0.0,6.0,1852.0,32.87131152590402,Defender,31,2026-05-15,2026-06-03,6000000
444523,Lucas Paquetá,2025,4.0,1.0,1522.0,28.74528566637234,Midfield,18,2026-01-06,2026-05-26,32000000
352041,Lucas Perri,2025,0.0,0.0,1440.0,28.479708686694455,Goalkeeper,16,2026-01-07,2026-06-03,10000000
927768,Lucas Pires,2025,0.0,0.0,1406.0,25.194220278308247,Defender,20,2026-05-24,2026-06-03,4000000
314288,Lukas Nmecha,2025,6.0,1.0,1073.0,27.4694210011157,Attack,31,2026-05-24,2026-06-03,10000000
282939,Luke O'Nien,2025,0.0,1.0,564.0,31.53247499948664,Defender,12,2026-05-24,2026-06-03,700000
183288,Luke Shaw,2025,1.0,1.0,3233.0,30.89454266685832,Defender,38,2026-05-24,2026-06-03,8000000
420210,Lutsharel Geertruida,2025,0.0,0.0,1685.0,25.875959123048386,Defender,28,2026-05-24,2026-06-03,20000000
467623,Lyle Foster,2025,3.0,2.0,1372.0,25.747277493719924,Attack,26,2026-05-10,2026-06-03,8000000
400536,Mads Hermansen,2025,0.0,1.0,1620.0,25.895124472097304,Goalkeeper,18,2026-05-24,2026-06-03,15000000
521964,Malick Thiaw,2025,4.0,0.0,2964.0,24.819127018350823,Defender,35,2026-05-24,2026-06-03,45000000
620322,Malo Gusto,2025,2.0,3.0,2268.0,23.04222537081528,Defender,34,2026-05-24,2026-06-03,35000000
476701,Manuel Ugarte,2025,0.0,0.0,881.0,25.144937952182453,Midfield,22,2026-04-13,2026-06-03,25000000
284857,Marc Cucurella,2025,1.0,4.0,2710.0,27.86641751712903,Defender,34,2026-05-24,2026-06-03,50000000
392757,Marc Guéhi,2025,3.0,4.0,3150.0,25.889648658083328,Defender,35,2026-05-19,2026-06-03,70000000
124884,Marco Bizot,2025,0.0,0.0,585.0,35.2341252729351,Goalkeeper,7,2026-05-24,2026-06-03,1500000
469781,Marcos Senesi,2025,0.0,5.0,3290.0,29.065620786189996,Defender,37,2026-05-24,2026-06-03,25000000
314367,Marcus Edwards,2025,1.0,3.0,1065.0,27.49953797819257,Attack,23,2026-05-24,2026-06-03,6000000
399434,Marcus Tavernier,2025,7.0,4.0,2743.0,27.20110611443082,Midfield,34,2026-05-24,2026-06-03,25000000
414908,Marshall Munetsi,2025,1.0,1.0,874.0,29.941751028426317,Midfield,13,2025-12-03,2026-06-01,15000000
74960,Martin Dúbravka,2025,0.0,0.0,3150.0,37.380644366414096,Goalkeeper,35,2026-05-01,2026-06-03,500000
316264,Martin Ødegaard,2025,1.0,7.0,1371.0,27.46120728009473,Midfield,24,2026-05-18,2026-06-03,65000000
423440,Martín Zubimendi,2025,5.0,1.0,3002.0,27.33252565076627,Midfield,38,2026-05-24,2026-06-03,75000000
346483,Mason Mount,2025,3.0,0.0,1017.0,27.395497511927008,Midfield,23,2026-05-24,2026-06-03,25000000
880245,Mateus Fernandes,2025,3.0,4.0,3026.0,21.897780241894083,Midfield,36,2026-05-24,2026-06-03,50000000
1230661,Mateus Mané,2025,3.0,2.0,1790.0,18.71359439276645,Midfield,27,2026-05-24,2026-06-03,20000000
517894,Matheus Cunha,2025,10.0,4.0,2503.0,27.02040425196958,Attack,33,2026-05-17,2026-06-03,75000000
601883,Matheus Nunes,2025,1.0,7.0,2865.0,27.767852864877444,Defender,34,2026-05-19,2026-06-03,50000000
319859,Mathias Jensen,2025,3.0,1.0,2252.0,30.420884754649308,Midfield,36,2026-05-24,2026-06-03,10000000
801734,Mathys Tel,2025,4.0,1.0,1342.0,21.101049302860428,Attack,31,2026-05-24,2026-06-03,22000000
415381,Mats Wieffer,2025,2.0,3.0,1908.0,26.54674633976057,Defender,26,2026-05-24,2026-06-03,25000000
171679,Matt Doherty,2025,0.0,0.0,792.0,34.37989828675469,Defender,11,2026-04-25,2026-06-03,1000000
326031,Matthijs de Ligt,2025,1.0,0.0,1170.0,26.809585412431467,Defender,13,2025-11-30,2026-06-03,30000000
425334,Matty Cash,2025,3.0,3.0,3022.0,28.821947062568018,Defender,35,2026-05-24,2026-06-03,22000000
127202,Matz Sels,2025,0.0,0.0,2667.0,34.267644099468164,Goalkeeper,31,2026-05-24,2026-06-03,3500000
434224,Maxence Lacroix,2025,1.0,2.0,3087.0,26.1579635447682,Defender,35,2026-05-17,2026-06-03,50000000
429915,Maxim De Cuyper,2025,2.0,3.0,1414.0,25.44610772295119,Defender,30,2026-05-24,2026-06-03,22000000
842341,Maxime Estève,2025,0.0,0.0,2938.0,24.022396079317165,Defender,34,2026-05-18,2026-06-03,28000000
525247,Maximilian Kilman,2025,0.0,0.0,1558.0,29.030027995099147,Defender,21,2026-01-31,2026-06-03,13000000
608832,Merlin Röhl,2025,1.0,0.0,678.0,23.912879799037626,Midfield,16,2026-05-24,2026-06-03,16000000
823486,Michael Kayode,2025,1.0,1.0,3264.0,21.897780241894083,Defender,37,2026-05-24,2026-06-03,40000000
118534,Michael Keane,2025,3.0,1.0,2590.0,33.391513857231836,Defender,33,2026-05-24,2026-06-03,3000000
557459,Micky van de Ven,2025,4.0,1.0,3043.0,25.123034696126545,Defender,35,2026-05-24,2026-06-03,50000000
338424,Mikel Merino,2025,4.0,3.0,1027.0,29.947226842440298,Midfield,22,2026-05-24,2026-06-03,25000000
540941,Mikkel Damsgaard,2025,4.0,4.0,2058.0,25.91702772815321,Midfield,33,2026-05-24,2026-06-03,30000000
730861,Milos Kerkez,2025,2.0,1.0,2261.0,22.571305365613256,Defender,34,2026-05-24,2026-06-03,35000000
148455,Mohamed Salah,2025,7.0,7.0,2150.0,33.96647432869943,Attack,27,2026-05-24,2026-06-03,22000000
543499,Mohammed Kudus,2025,2.0,6.0,1546.0,25.834890517943556,Attack,19,2026-01-04,2026-06-03,50000000
687626,Moisés Caicedo,2025,3.0,1.0,2802.0,24.58366701574981,Midfield,33,2026-05-24,2026-06-03,100000000
673492,Morato,2025,1.0,0.0,1341.0,24.925905391623374,Defender,21,2026-05-24,2026-06-03,14000000
429014,Morgan Gibbs-White,2025,15.0,4.0,3113.0,26.349617035257396,Midfield,37,2026-05-24,2026-06-03,70000000
503743,Morgan Rogers,2025,10.0,7.0,3285.0,23.855383751890866,Midfield,37,2026-05-15,2026-06-03,90000000
1005649,Murillo,2025,1.0,0.0,2133.0,23.915617706044614,Defender,25,2026-04-19,2026-06-03,50000000
890721,Myles Lewis-Skelly,2025,0.0,0.0,698.0,19.685551380247368,Defender,20,2026-05-24,2026-06-03,45000000
177476,Nathan Aké,2025,0.0,0.0,688.0,31.288801275864664,Defender,18,2026-05-24,2026-06-03,12000000
469050,Nathan Collins,2025,1.0,2.0,2972.0,25.092917719049673,Defender,35,2026-05-24,2026-06-03,30000000
85177,Nathaniel Clyne,2025,0.0,1.0,597.0,35.162939690753404,Defender,10,2026-05-24,2026-06-03,300000
503680,Neco Williams,2025,2.0,3.0,3206.0,25.139462138168476,Defender,37,2026-05-24,2026-06-03,28000000
192080,Nick Pope,2025,0.0,0.0,2417.0,34.12253502809777,Goalkeeper,27,2026-05-24,2026-06-03,5000000
455661,Nick Woltemade,2025,8.0,3.0,1914.0,24.298924687023003,Attack,33,2026-05-24,2026-06-03,55000000
466805,Nico González,2025,1.0,0.0,1567.0,24.413916781316523,Midfield,25,2026-05-24,2026-06-03,40000000
743413,Nico O'Reilly,2025,5.0,3.0,2649.0,21.202351862119002,Defender,34,2026-05-19,2026-06-03,70000000
497291,Nicolás Domínguez,2025,1.0,1.0,1177.0,27.932127285296755,Midfield,27,2026-05-24,2026-06-03,15000000
708072,Nicolò Savona,2025,2.0,0.0,1026.0,23.20923769824158,Defender,14,2026-01-03,2026-06-03,15000000
413507,Nikola Milenković,2025,0.0,0.0,3375.0,28.641245200106777,Defender,38,2026-05-24,2026-06-03,28000000
346890,Noah Okafor,2025,8.0,1.0,1569.0,26.026544008432754,Attack,28,2026-05-01,2026-06-03,25000000
727089,Noah Sadiki,2025,0.0,1.0,2896.0,21.459715120775922,Midfield,33,2026-05-24,2026-06-03,35000000
503987,Noni Madueke,2025,3.0,1.0,1217.0,24.233214918855282,Attack,26,2026-05-24,2026-06-03,50000000
348026,Nordi Mukiele,2025,3.0,4.0,2787.0,28.58648705996701,Defender,32,2026-05-24,2026-06-03,16000000
340456,Noussair Mazraoui,2025,0.0,0.0,984.0,28.550894268876156,Defender,20,2026-05-24,2026-06-03,18000000
236490,Ola Aina,2025,0.0,0.0,1590.0,29.651532885685537,Defender,18,2026-04-24,2026-06-03,18000000
922563,Oliver Scarles,2025,0.0,1.0,660.0,20.47406859826006,Defender,13,2026-05-02,2026-06-03,10000000
318508,Olivier Boscagli,2025,0.0,1.0,800.0,28.539942640848203,Defender,12,2026-05-02,2026-06-03,15000000
324358,Ollie Watkins,2025,16.0,3.0,2854.0,30.426360568663284,Attack,37,2026-05-24,2026-06-03,25000000
353032,Omar Alderete,2025,1.0,1.0,2802.0,29.435238232133447,Defender,33,2026-05-17,2026-06-03,13000000
445939,Omar Marmoush,2025,3.0,3.0,699.0,27.31883611573133,Attack,21,2026-05-19,2026-06-03,50000000
741238,Omari Hutchinson,2025,1.0,7.0,1684.0,22.593208621669163,Midfield,31,2026-05-24,2026-06-03,30000000
661207,Oscar Bobb,2025,0.0,1.0,1037.0,22.8943783924379,Attack,23,2026-05-24,2026-06-03,28000000
817665,Pablo,2025,0.0,1.0,828.0,22.4179825732219,Attack,14,2026-05-24,2026-06-03,18000000
568693,Pape Matar Sarr,2025,2.0,4.0,1389.0,23.718488401541443,Midfield,26,2026-05-24,2026-06-03,30000000
82873,Pascal Groß,2025,1.0,3.0,1637.0,34.96854829325722,Midfield,19,2026-05-24,2026-06-03,2500000
410708,Pascal Struijk,2025,0.0,1.0,2937.0,26.812323319438455,Defender,34,2026-05-24,2026-06-03,22000000
926952,Patrick Dorgu,2025,4.0,4.0,1445.0,21.602086285139325,Attack,26,2026-05-24,2026-06-03,35000000
399776,Pau Torres,2025,0.0,0.0,1676.0,29.377742184986687,Defender,21,2026-05-24,2026-06-03,20000000
487465,Pedro Neto,2025,5.0,6.0,2643.0,26.23462494096388,Attack,34,2026-05-24,2026-06-03,60000000
553875,Pedro Porro,2025,1.0,2.0,2798.0,26.721972388207835,Defender,34,2026-05-24,2026-06-03,35000000
406635,Phil Foden,2025,7.0,5.0,2085.0,26.0155923804048,Midfield,33,2026-05-24,2026-06-03,70000000
659813,Piero Hincapié,2025,1.0,2.0,1792.0,24.397489339274593,Defender,25,2026-05-24,2026-06-03,50000000
514285,Quilindschy Hartman,2025,0.0,5.0,1830.0,24.550812131665946,Defender,21,2026-05-01,2026-06-03,16000000
568559,Radu Drăgușin,2025,0.0,0.0,516.0,24.32904166409988,Defender,10,2026-05-24,2026-06-03,16000000
487969,Randal Kolo Muani,2025,1.0,1.0,1669.0,27.494062164178594,Attack,30,2026-05-24,2026-06-03,20000000
1012564,Rayan,2025,5.0,2.0,1120.0,19.83339835862475,Attack,15,2026-05-24,2026-06-03,60000000
578391,Rayan Aït-Nouri,2025,0.0,2.0,976.0,24.9916151597911,Defender,17,2026-05-24,2026-06-03,40000000
607223,Rayan Cherki,2025,4.0,12.0,1786.0,22.795813740186315,Midfield,33,2026-05-24,2026-06-03,90000000
206040,Raúl Jiménez,2025,9.0,3.0,2199.0,35.080802480543746,Attack,36,2026-05-24,2026-06-03,3000000
472423,Reece James,2025,2.0,5.0,1960.0,26.486512385606822,Defender,29,2026-05-24,2026-06-03,60000000
240692,Reinildo Mandava,2025,0.0,2.0,1969.0,32.364798729611145,Defender,25,2026-05-24,2026-06-03,4000000
502821,Riccardo Calafiori,2025,1.0,2.0,1708.0,24.041561428366084,Defender,26,2026-05-24,2026-06-03,55000000
378710,Richarlison,2025,11.0,4.0,1960.0,29.065620786189996,Attack,32,2026-05-24,2026-06-03,25000000
339556,Rico Henry,2025,0.0,0.0,1329.0,28.904084272777673,Defender,25,2026-03-03,2026-06-03,13000000
1108466,Rio Ngumoha,2025,2.0,1.0,551.0,17.76080275433445,Attack,19,2026-05-24,2026-06-03,30000000
403151,Robert Sánchez,2025,0.0,1.0,3041.0,28.539942640848203,Goalkeeper,35,2026-05-24,2026-06-03,22000000
646991,Robin Roefs,2025,0.0,0.0,3150.0,23.37625002566788,Goalkeeper,35,2026-05-24,2026-06-03,28000000
357565,Rodri,2025,1.0,0.0,1514.0,29.947226842440298,Midfield,21,2026-05-19,2026-06-03,50000000
354362,Rodrigo Bentancur,2025,1.0,1.0,1892.0,28.939677063868526,Midfield,26,2026-05-24,2026-06-03,20000000
667121,Rodrigo Gomes,2025,3.0,0.0,958.0,22.908067927472842,Midfield,22,2026-05-24,2026-06-03,15000000
735571,Rodrigo Muniz,2025,1.0,1.0,997.0,25.08196609102172,Attack,21,2026-05-24,2026-06-03,20000000
131978,Ross Barkley,2025,3.0,1.0,852.0,32.49348035893961,Midfield,21,2026-05-24,2026-06-03,4000000
188077,Ryan Christie,2025,2.0,0.0,986.0,31.27784964783671,Midfield,26,2026-05-09,2026-06-03,8000000
478573,Ryan Gravenberch,2025,5.0,3.0,2996.0,24.04977514938705,Midfield,36,2026-05-24,2026-06-03,80000000
392775,Ryan Sessegnon,2025,3.0,3.0,1822.0,26.042971450474685,Defender,27,2026-04-25,2026-06-03,22000000
425902,Ryan Yates,2025,0.0,2.0,603.0,28.531728919827238,Midfield,22,2026-05-24,2026-06-03,7000000
258004,Rúben Dias,2025,2.0,0.0,2140.0,29.054669158162042,Defender,26,2026-05-24,2026-06-03,55000000
110864,Sam Johnstone,2025,0.0,0.0,1080.0,33.191646645721676,Goalkeeper,12,2025-12-13,2026-06-03,2000000
401922,Samuel Chukwueze,2025,3.0,4.0,1074.0,27.034093787004522,Attack,23,2026-05-17,2026-06-03,18000000
333014,Sander Berge,2025,0.0,1.0,2911.0,28.299006824233214,Midfield,35,2026-05-24,2026-06-03,25000000
397033,Sandro Tonali,2025,0.0,2.0,2545.0,26.07035052054457,Midfield,35,2026-05-17,2026-06-03,80000000
438001,Santiago Bueno,2025,3.0,2.0,2553.0,27.565247746360296,Defender,29,2026-05-24,2026-06-03,10000000
743591,Savinho,2025,1.0,2.0,821.0,22.146929779530037,Attack,24,2026-05-24,2026-06-03,35000000
245056,Saša Lukić,2025,1.0,3.0,1734.0,29.804855678076894,Midfield,26,2026-05-17,2026-06-03,10000000
346707,Sean Longstaff,2025,2.0,2.0,1006.0,28.591962873980986,Midfield,23,2026-05-17,2026-06-03,15000000
503883,Senne Lammens,2025,0.0,0.0,2880.0,23.90740398502365,Goalkeeper,32,2026-05-24,2026-06-03,35000000
541231,Sepp van den Berg,2025,0.0,2.0,2761.0,24.45224747941436,Defender,32,2026-05-24,2026-06-03,32000000
658536,Simon Adingra,2025,1.0,1.0,658.0,24.413916781316523,Attack,14,2026-01-07,2026-06-01,22000000
745181,Soungoutou Magassa,2025,1.0,0.0,979.0,22.65344257582291,Midfield,22,2026-05-02,2026-06-03,17000000
361093,Sven Botman,2025,1.0,1.0,1839.0,26.390685640362225,Defender,25,2026-05-24,2026-06-03,35000000
295313,Taiwo Awoniyi,2025,4.0,2.0,481.0,28.808257527533076,Attack,17,2026-05-24,2026-06-03,8000000
522784,Taty Castellanos,2025,6.0,0.0,1396.0,27.66655030561887,Attack,18,2026-05-24,2026-06-03,28000000
937941,Thierno Barry,2025,8.0,0.0,1915.0,23.617185842282865,Attack,38,2026-05-24,2026-06-03,30000000
460939,Tijjani Reijnders,2025,5.0,2.0,1636.0,27.84725216808011,Midfield,28,2026-05-24,2026-06-03,50000000
696589,Tim Iroegbunam,2025,0.0,3.0,1486.0,22.92723327652176,Midfield,29,2026-05-24,2026-06-03,18000000
262226,Timothy Castagne,2025,0.0,0.0,1842.0,30.494808243837998,Defender,30,2026-05-24,2026-06-03,8000000
503981,Tino Livramento,2025,0.0,1.0,1328.0,23.55695188812912,Defender,17,2026-04-18,2026-06-03,45000000
683571,Tolu Arokodare,2025,3.0,1.0,1408.0,25.525507026153857,Attack,33,2026-05-24,2026-06-03,20000000
123275,Tom Cairney,2025,2.0,0.0,765.0,35.36828271627754,Midfield,24,2026-05-24,2026-06-03,500000
283628,Tomáš Souček,2025,5.0,0.0,2199.0,31.26416011280177,Midfield,35,2026-05-24,2026-06-03,10000000
258878,Tosin Adarabioyo,2025,0.0,0.0,789.0,28.69052752623257,Defender,16,2026-05-04,2026-06-03,16000000
606718,Toti,2025,0.0,0.0,1427.0,27.379070069885074,Defender,19,2026-05-24,2026-06-03,18000000
515544,Trai Hume,2025,2.0,1.0,3039.0,24.21131166279937,Defender,38,2026-05-24,2026-06-03,22000000
346314,Trevoh Chalobah,2025,3.0,0.0,2782.0,26.91362587869703,Defender,34,2026-05-24,2026-06-03,40000000
332705,Tyler Adams,2025,2.0,2.0,1779.0,27.29967076668241,Midfield,25,2026-05-24,2026-06-03,25000000
730893,Tyrick Mitchell,2025,1.0,2.0,3255.0,26.754827272291696,Defender,38,2026-05-24,2026-06-03,25000000
253677,Tyrone Mings,2025,0.0,1.0,1323.0,33.224501529805536,Defender,17,2026-05-24,2026-06-03,3000000
184573,Victor Lindelöf,2025,0.0,1.0,944.0,31.880189189374182,Defender,17,2026-05-24,2026-06-03,5000000
325443,Viktor Gyökeres,2025,14.0,1.0,2231.0,27.99783705346448,Attack,36,2026-05-24,2026-06-03,65000000
139208,Virgil van Dijk,2025,6.0,0.0,3420.0,34.90557643209648,Defender,38,2026-05-24,2026-06-03,15000000
404842,Vitaliy Mykolenko,2025,0.0,1.0,2961.0,27.014928437955604,Defender,33,2026-05-24,2026-06-03,25000000
270171,Vitaly Janelt,2025,1.0,4.0,1437.0,28.066284728639193,Midfield,25,2026-05-24,2026-06-03,16000000
475411,Wesley Fofana,2025,0.0,1.0,1726.0,25.459797257986132,Defender,25,2026-05-24,2026-06-03,28000000
627626,Wilfried Gnonto,2025,0.0,3.0,524.0,22.576781179627233,Attack,23,2026-05-24,2026-06-03,16000000
207014,Will Hughes,2025,0.0,0.0,1568.0,31.13000266945933,Midfield,31,2026-05-24,2026-06-03,5000000
609556,William Osula,2025,7.0,0.0,811.0,22.831406531277164,Attack,24,2026-05-24,2026-06-03,28000000
495666,William Saliba,2025,1.0,0.0,2615.0,25.194220278308247,Defender,31,2026-05-18,2026-06-03,100000000
494237,Wilson Isidor,2025,6.0,0.0,1159.0,25.766442842768846,Attack,32,2026-05-24,2026-06-03,18000000
743498,Wilson Odobert,2025,0.0,2.0,981.0,21.511735353908705,Attack,24,2026-02-10,2026-06-03,18000000
566931,Xavi Simons,2025,2.0,5.0,1757.0,23.11888676701096,Midfield,28,2026-04-25,2026-06-03,40000000
1012534,Yankuba Minteh,2025,3.0,4.0,2401.0,21.864925357810222,Attack,34,2026-05-24,2026-06-03,45000000
667287,Yasin Ayari,2025,3.0,3.0,1925.0,22.658918389836888,Midfield,29,2026-05-17,2026-06-03,35000000
717411,Yegor Yarmolyuk,2025,1.0,2.0,2667.0,22.25644605980958,Midfield,37,2026-05-17,2026-06-03,32000000
716276,Yerson Mosquera,2025,0.0,0.0,2143.0,25.087441905035696,Defender,27,2026-05-24,2026-06-03,12000000
388165,Yoane Wissa,2025,1.0,1.0,521.0,29.747359630930134,Attack,19,2026-05-24,2026-06-03,25000000
249565,Youri Tielemans,2025,0.0,4.0,1863.0,29.07383450721096,Midfield,25,2026-05-24,2026-06-03,30000000
410425,Yves Bissouma,2025,0.0,0.0,605.0,29.758311258958088,Midfield,11,2026-05-03,2026-06-03,10000000
568157,Yéremy Pino,2025,2.0,2.0,2092.0,23.619923749289853,Attack,34,2026-05-24,2026-06-03,30000000
411537,Zian Flemming,2025,11.0,0.0,1776.0,27.839038447059146,Attack,29,2026-05-24,2026-06-03,12000000
741257,Álex Jiménez,2025,1.0,0.0,2327.0,21.070932325783556,Defender,31,2026-05-03,2026-06-03,22000000
